id,hangul,ipa,POS,abs_freq,rel_freq
1,것,k ʌ t,NNB,306021,1.847
2,수,sʰ u,NNB,117579,0.71
3,그,k ɯ,MM,109987,0.664
4,나,n ɑ,NP,97710,0.59
5,말,m ɑ l,NNG,83043,0.501
6,그,k ɯ,NP,82906,0.5
7,사람,sʰ ɑ l ɑ m,NNG,71851,0.434
8,이,i,MM,66843,0.404
9,등,t ɯ ŋ,NNB,59297,0.358
10,우리,u l i,NP,58091,0.351
11,때,t* ɛ,NNG,54689,0.33
12,년,n jʌ n,NNB,52668,0.318
13,일,i l,NNG,46490,0.281
14,이,i,NP,40548,0.245
15,생각,sʰ ɛ ŋ k ɑ k,NNG,39918,0.241
16,때문,t* ɛ m u n,NNB,39053,0.236
17,한,h ɑ n,MM,36680,0.221
18,그것,k ɯ k ʌ t,NP,36517,0.22
19,그러나,k ɯ l ʌ n ɑ,MAJ,36148,0.218
20,일,i l,NNB,32845,0.198
21,사회,sʰ ɑ h wɛ,NNG,28750,0.174
22,더,t ʌ,MAG,27750,0.168
23,그녀,k ɯ n jʌ,NP,27087,0.164
24,문제,m u n tɕ ɛ,NNG,26805,0.162
25,또,t* o,MAG,26735,0.161
26,그리고,k ɯ l i k o,MAJ,26098,0.158
27,속,sʰ o k,NNG,25529,0.154
28,씨,s* i,NNB,24906,0.15
29,월,wʌ l,NNB,23928,0.144
30,집,tɕ i p,NNG,22351,0.135
31,중,tɕ u ŋ,NNB,22042,0.133
32,경우,k jʌ ŋ u,NNG,22017,0.133
33,명,m jʌ ŋ,NNB,21856,0.132
34,자신,tɕ ɑ sʰ i n,NNG,21557,0.13
35,두,t u,MM,21016,0.127
36,하나,h ɑ n ɑ,NR,20927,0.126
37,안,ɑ n,MAG,20439,0.123
38,그런,k ɯ l ʌ n,MM,20008,0.121
39,내,n ɛ,NP,19858,0.12
40,다시,t ɑ sʰ i,MAG,19711,0.119
41,데,t ɛ,NNB,19200,0.116
42,다른,t ɑ l ɯ n,MM,18981,0.115
43,번,p ʌ n,NNB,18871,0.114
44,앞,ɑ p,NNG,18776,0.113
45,시작,sʰ i tɕ ɑ k,NNG,18496,0.112
46,잘,tɕ ɑ l,MAG,18464,0.111
47,한국,h ɑ n k u k,NNP,18054,0.109
48,원,wʌ n,NNB,17857,0.108
49,시간,sʰ i k ɑ n,NNG,17621,0.106
50,아이,ɑ i,NNG,17545,0.106
51,세계,sʰ ɛ k jɛ,NNG,17367,0.105
52,소리,sʰ o l i,NNG,17297,0.104
53,무엇,m u ʌ t,NP,17229,0.104
54,정부,tɕ ʌ ŋ p u,NNG,16984,0.103
55,사실,sʰ ɑ sʰ i l,NNG,16947,0.102
56,뒤,t wi,NNG,16699,0.101
57,이런,i l ʌ n,MM,16266,0.098
58,개,k ɛ,NNB,16176,0.098
59,눈,n u n,NNG,16031,0.097
60,미국,m i k u k,NNP,16022,0.097
61,거,k ʌ,NNB,16021,0.097
62,여자,jʌ tɕ ɑ,NNG,15643,0.094
63,자기,tɕ ɑ k i,NP,15617,0.094
64,필요,pʰ i l jo,NNG,15536,0.094
65,어떤,ʌ t* ʌ n,MM,15449,0.093
66,함께,h ɑ m k* ɛ,MAG,15296,0.092
67,정도,tɕ ʌ ŋ t o,NNG,15184,0.092
68,인간,i n k ɑ n,NNG,15108,0.091
69,한,h ɑ n,MM,15049,0.091
70,문화,m u n h wa,NNG,15042,0.091
71,전,tɕ ʌ n,NNG,14780,0.089
72,만,m ɑ n,NR,14513,0.088
73,다,t ɑ,MAG,14461,0.087
74,경제,k jʌ ŋ tɕ ɛ,NNG,14374,0.087
75,가장,k ɑ tɕ ɑ ŋ,MAG,14363,0.087
76,곳,k o t,NNG,13872,0.084
77,모든,m o t ɯ n,MM,13872,0.084
78,마음,m ɑ ɯ m,NNG,13587,0.082
79,일본,i l p o n,NNP,13551,0.082
80,누구,n u k u,NP,13513,0.082
81,어느,ʌ n ɯ,MM,13428,0.081
82,정치,tɕ ʌ ŋ tɕʰ i,NNG,13426,0.081
83,없이,ʌ p s* i,MAG,13384,0.081
84,위,wi,NNG,13303,0.08
85,이야기,i ja k i,NNG,13253,0.08
86,백,p ɛ k,NR,12892,0.078
87,날,n ɑ l,NNG,12778,0.077
88,얼굴,ʌ l k u l,NNG,12777,0.077
89,의미,ɰi m i,NNG,12755,0.077
90,가능,k ɑ n ɯ ŋ,NNG,12571,0.076
91,나라,n ɑ l ɑ,NNG,12568,0.076
92,못,m o t,MAG,12565,0.076
93,관계,k wa n k jɛ,NNG,12535,0.076
94,어머니,ʌ m ʌ n i,NNG,12489,0.075
95,점,tɕ ʌ m,NNG,12475,0.075
96,다음,t ɑ ɯ m,NNG,12330,0.074
97,길,k i l,NNG,12289,0.074
98,이것,i k ʌ t,NP,12284,0.074
99,바로,p ɑ l o,MAG,12279,0.074
100,동안,t o ŋ ɑ n,NNG,12276,0.074
101,듯,t ɯ t,NNB,12262,0.074
102,서울,sʰ ʌ u l,NNP,12239,0.074
103,모두,m o t u,MAG,11966,0.072
104,운동,u n t o ŋ,NNG,11956,0.072
105,손,sʰ o n,NNG,11953,0.072
106,및,m i t,MAG,11948,0.072
107,시대,sʰ i t ɛ,NNG,11886,0.072
108,뿐,p* u n,NNB,11871,0.072
109,아버지,ɑ p ʌ tɕ i,NNG,11835,0.071
110,안,ɑ n,NNG,11825,0.071
111,가지,k ɑ tɕ i,NNB,11643,0.07
112,이상,i sʰ ɑ ŋ,NNG,11628,0.07
113,사랑,sʰ ɑ l ɑ ŋ,NNG,11615,0.07
114,몇,m jʌ t,MM,11601,0.07
115,몸,m o m,NNG,11426,0.069
116,기업,k i ʌ p,NNG,11332,0.068
117,저,tɕ ʌ,NP,11329,0.068
118,지역,tɕ i jʌ k,NNG,11308,0.068
119,국가,k u k k* ɑ,NNG,11250,0.068
120,여성,jʌ sʰ ʌ ŋ,NNG,11065,0.067
121,사이,sʰ ɑ i,NNG,11050,0.067
122,그런데,k ɯ l ʌ n t ɛ,MAJ,10978,0.066
123,교육,k jo ju k,NNG,10965,0.066
124,돈,t o n,NNG,10945,0.066
125,역사,jʌ k s* ɑ,NNG,10927,0.066
126,선생,sʰ ʌ n sʰ ɛ ŋ,NNG,10781,0.065
127,어디,ʌ t i,NP,10775,0.065
128,천,tɕʰ ʌ n,NR,10754,0.065
129,여기,jʌ k i,NP,10646,0.064
130,모습,m o sʰ ɯ p,NNG,10637,0.064
131,지금,tɕ i k ɯ m,NNG,10563,0.064
132,처음,tɕʰ ʌ ɯ m,NNG,10509,0.063
133,생활,sʰ ɛ ŋ h wa l,NNG,10505,0.063
134,대학,t ɛ h ɑ k,NNG,10466,0.063
135,자리,tɕ ɑ l i,NNG,10340,0.062
136,중요,tɕ u ŋ jo,NNG,10202,0.062
137,특히,tʰ ɯ kʰ i,MAG,10139,0.061
138,너,n ʌ,NP,10118,0.061
139,이번,i p ʌ n,NNG,10104,0.061
140,여러,jʌ l ʌ,MM,10002,0.06
141,후,h u,NNG,9940,0.06
142,아직,ɑ tɕ i k,MAG,9908,0.06
143,기자,k i tɕ ɑ,NNG,9795,0.059
144,학교,h ɑ k k* jo,NNG,9700,0.059
145,그래서,k ɯ l ɛ sʰ ʌ,MAJ,9697,0.059
146,왜,wɛ,MAG,9652,0.058
147,방법,p ɑ ŋ p ʌ p,NNG,9537,0.058
148,이미,i m i,MAG,9480,0.057
149,영화,jʌ ŋ h wa,NNG,9456,0.057
150,문학,m u n h ɑ k,NNG,9427,0.057
151,대통령,t ɛ tʰ o ŋ n jʌ ŋ,NNG,9416,0.057
152,사용,sʰ ɑ jo ŋ,NNG,9386,0.057
153,좀,tɕ o m,MAG,9375,0.057
154,많이,m ɑ n h i,MAG,9356,0.056
155,남자,n ɑ m tɕ ɑ,NNG,9344,0.056
156,국민,k u ŋ m i n,NNG,9333,0.056
157,또한,t* o h ɑ n,MAG,9288,0.056
158,관련,k wa l l jʌ n,NNG,9276,0.056
159,연구,jʌ n k u,NNG,9235,0.056
160,시장,sʰ i tɕ ɑ ŋ,NNG,9212,0.056
161,사건,sʰ ɑ k ʌ n,NNG,9168,0.055
162,세상,sʰ ɛ sʰ ɑ ŋ,NNG,9099,0.055
163,삶,sʰ ɑ m,NNG,9090,0.055
164,결과,k jʌ l k wa,NNG,9014,0.054
165,이제,i tɕ ɛ,MAG,9003,0.054
166,같이,k ɑ tɕʰ i,MAG,8997,0.054
167,물론,m u l l o n,MAG,8988,0.054
168,책,tɕʰ ɛ k,NNG,8961,0.054
169,과정,k wa tɕ ʌ ŋ,NNG,8940,0.054
170,현실,h jʌ n sʰ i l,NNG,8933,0.054
171,쪽,tɕ* o k,NNB,8922,0.054
172,시,sʰ i,NNB,8910,0.054
173,또는,t* o n ɯ n,MAG,8666,0.052
174,얘기,jɛ k i,NNG,8660,0.052
175,가운데,k ɑ u n t ɛ,NNG,8619,0.052
176,북한,p u kʰ ɑ n,NNP,8594,0.052
177,내용,n ɛ jo ŋ,NNG,8582,0.052
178,이름,i l ɯ m,NNG,8552,0.052
179,주장,tɕ u tɕ ɑ ŋ,NNG,8539,0.052
180,무슨,m u sʰ ɯ n,MM,8505,0.051
181,물,m u l,NNG,8446,0.051
182,학생,h ɑ k s* ɛ ŋ,NNG,8256,0.05
183,억,ʌ k,NR,8217,0.05
184,이유,i ju,NNG,8211,0.05
185,활동,h wa l t o ŋ,NNG,8202,0.05
186,이후,i h u,NNG,8113,0.049
187,그때,k ɯ t* ɛ,NNG,8066,0.049
188,중국,tɕ u ŋ k u k,NNP,8047,0.049
189,힘,h i m,NNG,8024,0.048
190,정보,tɕ ʌ ŋ p o,NNG,8019,0.048
191,기술,k i sʰ u l,NNG,7965,0.048
192,뜻,t* ɯ t,NNG,7945,0.048
193,너무,n ʌ m u,MAG,7938,0.048
194,상황,sʰ ɑ ŋ h wa ŋ,NNG,7827,0.047
195,조사,tɕ o sʰ ɑ,NNG,7816,0.047
196,간,k ɑ n,NNB,7770,0.047
197,하지만,h ɑ tɕ i m ɑ n,MAJ,7735,0.047
198,채,tɕʰ ɛ,NNB,7708,0.047
199,정신,tɕ ʌ ŋ sʰ i n,NNG,7666,0.046
200,더욱,t ʌ u k,MAG,7646,0.046
201,변화,p jʌ n h wa,NNG,7621,0.046
202,소설,sʰ o sʰ ʌ l,NNG,7579,0.046
203,환경,h wa n k jʌ ŋ,NNG,7568,0.046
204,즉,tɕ ɯ k,MAG,7567,0.046
205,따라서,t* ɑ l ɑ sʰ ʌ,MAJ,7517,0.045
206,작품,tɕ ɑ k pʰ u m,NNG,7497,0.045
207,친구,tɕʰ i n k u,NNG,7496,0.045
208,지금,tɕ i k ɯ m,MAG,7490,0.045
209,민족,m i n tɕ o k,NNG,7449,0.045
210,방,p ɑ ŋ,NNG,7396,0.045
211,김,k i m,NNP,7396,0.045
212,밖,p ɑ k,NNG,7380,0.045
213,당신,t ɑ ŋ sʰ i n,NP,7359,0.044
214,정책,tɕ ʌ ŋ tɕʰ ɛ k,NNG,7339,0.044
215,역시,jʌ k s* i,MAG,7325,0.044
216,머리,m ʌ l i,NNG,7263,0.044
217,상태,sʰ ɑ ŋ tʰ ɛ,NNG,7195,0.043
218,대표,t ɛ pʰ jo,NNG,7162,0.043
219,자연,tɕ ɑ jʌ n,NNG,7161,0.043
220,입,i p,NNG,7072,0.043
221,제도,tɕ ɛ t o,NNG,7059,0.043
222,단체,t ɑ n tɕʰ ɛ,NNG,7052,0.043
223,회사,h wɛ sʰ ɑ,NNG,7049,0.043
224,이해,i h ɛ,NNG,7015,0.042
225,개발,k ɛ p ɑ l,NNG,6962,0.042
226,글,k ɯ l,NNG,6936,0.042
227,결정,k jʌ l tɕ ʌ ŋ,NNG,6927,0.042
228,최근,tɕʰ wɛ k ɯ n,NNG,6913,0.042
229,발전,p ɑ l tɕ ʌ n,NNG,6899,0.042
230,오늘,o n ɯ l,NNG,6897,0.042
231,존재,tɕ o n tɕ ɛ,NNG,6882,0.042
232,시민,sʰ i m i n,NNG,6881,0.042
233,의식,ɰi sʰ i k,NNG,6873,0.041
234,밤,p ɑ m,NNG,6866,0.041
235,엄마,ʌ m m ɑ,NNG,6845,0.041
236,구조,k u tɕ o,NNG,6798,0.041
237,과학,k wa h ɑ k,NNG,6784,0.041
238,자유,tɕ ɑ ju,NNG,6770,0.041
239,남편,n ɑ m pʰ jʌ n,NNG,6731,0.041
240,당시,t ɑ ŋ sʰ i,NNG,6690,0.04
241,곧,k o t,MAG,6637,0.04
242,끝,k* ɯ t,NNG,6611,0.04
243,산업,sʰ ɑ n ʌ p,NNG,6591,0.04
244,대상,t ɛ sʰ ɑ ŋ,NNG,6568,0.04
245,땅,t* ɑ ŋ,NNG,6562,0.04
246,먼저,m ʌ n tɕ ʌ,MAG,6557,0.04
247,결국,k jʌ l k u k,NNG,6518,0.039
248,요구,jo k u,NNG,6510,0.039
249,관심,k wa n sʰ i m,NNG,6487,0.039
250,계획,k jɛ h wɛ k,NNG,6439,0.039
251,설명,sʰ ʌ l m jʌ ŋ,NNG,6424,0.039
252,거의,k ʌ ɰi,MAG,6422,0.039
253,자체,tɕ ɑ tɕʰ ɛ,NNG,6407,0.039
254,생산,sʰ ɛ ŋ sʰ ɑ n,NNG,6356,0.038
255,전체,tɕ ʌ n tɕʰ ɛ,NNG,6348,0.038
256,뭐,m wʌ,NP,6312,0.038
257,거기,k ʌ k i,NP,6261,0.038
258,모양,m o ja ŋ,NNG,6223,0.038
259,법,p ʌ p,NNG,6221,0.038
260,일반,i l p ɑ n,NNG,6181,0.037
261,도시,t o sʰ i,NNG,6155,0.037
262,이용,i jo ŋ,NNG,6108,0.037
263,교수,k jo sʰ u,NNG,6098,0.037
264,얼마나,ʌ l m ɑ n ɑ,MAG,6085,0.037
265,적,tɕ ʌ k,NNB,6036,0.036
266,가족,k ɑ tɕ o k,NNG,6024,0.036
267,중심,tɕ u ŋ sʰ i m,NNG,6009,0.036
268,표현,pʰ jo h jʌ n,NNG,5935,0.036
269,개인,k ɛ i n,NNG,5893,0.036
270,가슴,k ɑ sʰ ɯ m,NNG,5885,0.036
271,시,sʰ i,NNG,5842,0.035
272,마을,m ɑ ɯ l,NNG,5841,0.035
273,전화,tɕ ʌ n h wa,NNG,5833,0.035
274,부분,p u p u n,NNG,5821,0.035
275,년대,n jʌ n t ɛ,NNB,5768,0.035
276,서로,sʰ ʌ l o,MAG,5739,0.035
277,전쟁,tɕ ʌ n tɕ ɛ ŋ,NNG,5739,0.035
278,평가,pʰ jʌ ŋ k ɑ,NNG,5724,0.035
279,아주,ɑ tɕ u,MAG,5721,0.035
280,줄,tɕ u l,NNB,5718,0.035
281,조선,tɕ o sʰ ʌ n,NNP,5698,0.034
282,그대로,k ɯ t ɛ l o,MAG,5675,0.034
283,술,sʰ u l,NNG,5651,0.034
284,조직,tɕ o tɕ i k,NNG,5645,0.034
285,해,h ɛ,NNG,5641,0.034
286,세,sʰ ɛ,MM,5630,0.034
287,역할,jʌ kʰ ɑ l,NNG,5628,0.034
288,신문,sʰ i n m u n,NNG,5576,0.034
289,의원,ɰi wʌ n,NNG,5571,0.034
290,분,p u n,NNB,5567,0.034
291,만큼,m ɑ n kʰ ɯ m,NNB,5547,0.033
292,대부분,t ɛ p u p u n,NNG,5541,0.033
293,선거,sʰ ʌ n k ʌ,NNG,5539,0.033
294,기관,k i k wa n,NNG,5510,0.033
295,터,tʰ ʌ,NNB,5498,0.033
296,체제,tɕʰ ɛ tɕ ɛ,NNG,5490,0.033
297,사업,sʰ ɑ ʌ p,NNG,5455,0.033
298,아내,ɑ n ɛ,NNG,5401,0.033
299,국내,k u ŋ n ɛ,NNG,5391,0.033
300,국제,k u k tɕ* ɛ,NNG,5389,0.033
301,오히려,o h i l jʌ,MAG,5352,0.032
302,구성,k u sʰ ʌ ŋ,NNG,5350,0.032
303,현상,h jʌ n sʰ ɑ ŋ,NNG,5340,0.032
304,아들,ɑ t ɯ l,NNG,5335,0.032
305,순간,sʰ u n k ɑ n,NNG,5326,0.032
306,아래,ɑ l ɛ,NNG,5311,0.032
307,아침,ɑ tɕʰ i m,NNG,5295,0.032
308,마련,m ɑ l jʌ n,NNG,5269,0.032
309,금융,k ɯ m ju ŋ,NNG,5264,0.032
310,인식,i n sʰ i k,NNG,5262,0.032
311,죽음,tɕ u k ɯ m,NNG,5256,0.032
312,작가,tɕ ɑ k k* ɑ,NNG,5253,0.032
313,예술,jɛ sʰ u l,NNG,5247,0.032
314,지방,tɕ i p ɑ ŋ,NNG,5240,0.032
315,지원,tɕ i wʌ n,NNG,5240,0.032
316,바,p ɑ,NNB,5240,0.032
317,달,t ɑ l,NNG,5225,0.032
318,기능,k i n ɯ ŋ,NNG,5212,0.031
319,생명,sʰ ɛ ŋ m jʌ ŋ,NNG,5205,0.031
320,언론,ʌ l l o n,NNG,5191,0.031
321,하늘,h ɑ n ɯ l,NNG,5161,0.031
322,목소리,m o k s* o l i,NNG,5159,0.031
323,남,n ɑ m,NNG,5144,0.031
324,하루,h ɑ l u,NNG,5124,0.031
325,노력,n o l jʌ k,NNG,5107,0.031
326,저,tɕ ʌ,MM,5090,0.031
327,일부,i l p u,NNG,5085,0.031
328,이제,i tɕ ɛ,NNG,5057,0.031
329,측,tɕʰ ɯ k,NNB,5052,0.03
330,고개,k o k ɛ,NNG,5048,0.03
331,방식,p ɑ ŋ sʰ i k,NNG,5040,0.03
332,통일,tʰ o ŋ i l,NNG,5040,0.03
333,만,m ɑ n,NNB,5039,0.03
334,확인,h wa k i n,NNG,5007,0.03
335,세기,sʰ ɛ k i,NNG,4984,0.03
336,현재,h jʌ n tɕ ɛ,MAG,4982,0.03
337,은행,ɯ n h ɛ ŋ,NNG,4977,0.03
338,결혼,k jʌ l h o n,NNG,4958,0.03
339,나무,n ɑ m u,NNG,4951,0.03
340,각,k ɑ k,MM,4945,0.03
341,문,m u n,NNG,4943,0.03
342,컴퓨터,kʰ ʌ m pʰ ju tʰ ʌ,NNG,4897,0.03
343,행위,h ɛ ŋ wi,NNG,4883,0.029
344,정말,tɕ ʌ ŋ m ɑ l,MAG,4879,0.029
345,대답,t ɛ t ɑ p,NNG,4875,0.029
346,발표,p ɑ l pʰ jo,NNG,4855,0.029
347,혼자,h o n tɕ ɑ,NNG,4845,0.029
348,기록,k i l o k,NNG,4839,0.029
349,방송,p ɑ ŋ sʰ o ŋ,NNG,4833,0.029
350,놈,n o m,NNB,4816,0.029
351,참여,tɕʰ ɑ m jʌ,NNG,4805,0.029
352,개혁,k ɛ h jʌ k,NNG,4790,0.029
353,준비,tɕ u n p i,NNG,4776,0.029
354,기억,k i ʌ k,NNG,4771,0.029
355,발견,p ɑ l k jʌ n,NNG,4770,0.029
356,대신,t ɛ sʰ i n,NNG,4768,0.029
357,작업,tɕ ɑ k ʌ p,NNG,4744,0.029
358,입장,i p tɕ* ɑ ŋ,NNG,4740,0.029
359,효과,h jo k wa,NNG,4734,0.029
360,옆,jʌ p,NNG,4713,0.028
361,형,h jʌ ŋ,NNG,4704,0.028
362,지적,tɕ i tɕ ʌ k,NNG,4691,0.028
363,다양,t ɑ ja ŋ,NNG,4688,0.028
364,내,n ɛ,NNB,4684,0.028
365,노래,n o l ɛ,NNG,4682,0.028
366,행동,h ɛ ŋ t o ŋ,NNG,4680,0.028
367,수준,sʰ u tɕ u n,NNG,4674,0.028
368,해결,h ɛ k jʌ l,NNG,4670,0.028
369,지배,tɕ i p ɛ,NNG,4660,0.028
370,마치,m ɑ tɕʰ i,MAG,4658,0.028
371,가치,k ɑ tɕʰ i,NNG,4653,0.028
372,규모,k ju m o,NNG,4634,0.028
373,예,jɛ,NNG,4633,0.028
374,계속,k jɛ sʰ o k,NNG,4631,0.028
375,그림,k ɯ l i m,NNG,4614,0.028
376,새,sʰ ɛ,MM,4599,0.028
377,전통,tɕ ʌ n tʰ o ŋ,NNG,4589,0.028
378,투자,tʰ u tɕ ɑ,NNG,4587,0.028
379,능력,n ɯ ŋ n jʌ k,NNG,4557,0.028
380,이론,i l o n,NNG,4555,0.027
381,얼마,ʌ l m ɑ,NNG,4555,0.027
382,옷,o t,NNG,4550,0.027
383,전혀,tɕ ʌ n h jʌ,MAG,4549,0.027
384,꿈,k* u m,NNG,4524,0.027
385,과거,k wa k ʌ,NNG,4523,0.027
386,바람,p ɑ l ɑ m,NNG,4513,0.027
387,매우,m ɛ u,MAG,4507,0.027
388,우선,u sʰ ʌ n,MAG,4490,0.027
389,대,t ɛ,NNB,4476,0.027
390,집단,tɕ i p t* ɑ n,NNG,4476,0.027
391,포함,pʰ o h ɑ m,NNG,4407,0.027
392,부모,p u m o,NNG,4395,0.027
393,상대,sʰ ɑ ŋ t ɛ,NNG,4393,0.027
394,형태,h jʌ ŋ tʰ ɛ,NNG,4366,0.026
395,영향,jʌ ŋ h ja ŋ,NNG,4363,0.026
396,광고,k wa ŋ k o,NNG,4360,0.026
397,경험,k jʌ ŋ h ʌ m,NNG,4350,0.026
398,반대,p ɑ n t ɛ,NNG,4262,0.026
399,차,tɕʰ ɑ,NNG,4260,0.026
400,경찰,k jʌ ŋ tɕʰ ɑ l,NNG,4254,0.026
401,후보,h u p o,NNG,4252,0.026
402,분석,p u n sʰ ʌ k,NNG,4252,0.026
403,기대,k i t ɛ,NNG,4245,0.026
404,언어,ʌ n ʌ,NNG,4244,0.026
405,발생,p ɑ l sʰ ɛ ŋ,NNG,4224,0.025
406,책임,tɕʰ ɛ k i m,NNG,4203,0.025
407,표정,pʰ jo tɕ ʌ ŋ,NNG,4182,0.025
408,나이,n ɑ i,NNG,4180,0.025
409,계속,k jɛ sʰ o k,MAG,4180,0.025
410,공부,k o ŋ p u,NNG,4150,0.025
411,꼭,k* o k,MAG,4146,0.025
412,마지막,m ɑ tɕ i m ɑ k,NNG,4146,0.025
413,단계,t ɑ n k jɛ,NNG,4139,0.025
414,꽃,k* o t,NNG,4136,0.025
415,면,m jʌ n,NNG,4130,0.025
416,마찬가지,m ɑ tɕʰ ɑ n k ɑ tɕ i,NNG,4116,0.025
417,유지,ju tɕ i,NNG,4107,0.025
418,비판,p i pʰ ɑ n,NNG,4099,0.025
419,혹은,h o k ɯ n,MAG,4093,0.025
420,관리,k wa l l i,NNG,4091,0.025
421,분야,p u n ja,NNG,4083,0.025
422,갑자기,k ɑ p tɕ* ɑ k i,MAG,4083,0.025
423,인물,i n m u l,NNG,4079,0.025
424,환자,h wa n tɕ ɑ,NNG,4068,0.025
425,바다,p ɑ t ɑ,NNG,4062,0.025
426,확대,h wa k t* ɛ,NNG,4053,0.024
427,첫,tɕʰ ʌ t,MM,4053,0.024
428,분명,p u n m jʌ ŋ,MAG,4049,0.024
429,강조,k ɑ ŋ tɕ o,NNG,4047,0.024
430,동시,t o ŋ sʰ i,NNG,4044,0.024
431,미,m i,NNP,4043,0.024
432,차,tɕʰ ɑ,NNB,4039,0.024
433,불,p u l,NNG,4031,0.024
434,산,sʰ ɑ n,NNG,4030,0.024
435,회의,h wɛ ɰi,NNG,4028,0.024
436,장관,tɕ ɑ ŋ k wa n,NNG,4009,0.024
437,개념,k ɛ n jʌ m,NNG,4006,0.024
438,조금,tɕ o k ɯ m,NNG,3990,0.024
439,공간,k o ŋ k ɑ n,NNG,3990,0.024
440,진행,tɕ i n h ɛ ŋ,NNG,3981,0.024
441,자금,tɕ ɑ k ɯ m,NNG,3980,0.024
442,직접,tɕ i k tɕ* ʌ p,MAG,3970,0.024
443,프로그램,pʰ ɯ l o k ɯ l ɛ m,NNG,3966,0.024
444,형성,h jʌ ŋ sʰ ʌ ŋ,NNG,3958,0.024
445,시절,sʰ i tɕ ʌ l,NNG,3944,0.024
446,사상,sʰ ɑ sʰ ɑ ŋ,NNG,3940,0.024
447,일,i l,NR,3936,0.024
448,자,tɕ ɑ,NNB,3935,0.024
449,기간,k i k ɑ n,NNG,3935,0.024
450,성장,sʰ ʌ ŋ tɕ ɑ ŋ,NNG,3933,0.024
451,성격,sʰ ʌ ŋ k jʌ k,NNG,3924,0.024
452,느낌,n ɯ k* i m,NNG,3916,0.024
453,성공,sʰ ʌ ŋ k o ŋ,NNG,3913,0.024
454,경쟁,k jʌ ŋ tɕ ɛ ŋ,NNG,3905,0.024
455,구체,k u tɕʰ ɛ,NNG,3904,0.024
456,제대로,tɕ ɛ t ɛ l o,MAG,3890,0.023
457,선택,sʰ ʌ n tʰ ɛ k,NNG,3889,0.023
458,기본,k i p o n,NNG,3884,0.023
459,비교,p i k jo,NNG,3866,0.023
460,노동,n o t o ŋ,NNG,3863,0.023
461,오후,o h u,NNG,3857,0.023
462,체계,tɕʰ ɛ k jɛ,NNG,3853,0.023
463,이상,i sʰ ɑ ŋ,NNG,3846,0.023
464,방향,p ɑ ŋ h ja ŋ,NNG,3829,0.023
465,추진,tɕʰ u tɕ i n,NNG,3829,0.023
466,감독,k ɑ m t o k,NNG,3814,0.023
467,제시,tɕ ɛ sʰ i,NNG,3809,0.023
468,태도,tʰ ɛ t o,NNG,3797,0.023
469,차이,tɕʰ ɑ i,NNG,3785,0.023
470,교사,k jo sʰ ɑ,NNG,3771,0.023
471,영국,jʌ ŋ k u k,NNP,3761,0.023
472,둘,t u l,NR,3759,0.023
473,기준,k i tɕ u n,NNG,3756,0.023
474,그냥,k ɯ n ja ŋ,MAG,3756,0.023
475,걱정,k ʌ k tɕ* ʌ ŋ,NNG,3749,0.023
476,박,p ɑ k,NNP,3742,0.023
477,조건,tɕ o k ʌ n,NNG,3737,0.023
478,스스로,sʰ ɯ sʰ ɯ l o,MAG,3737,0.023
479,실시,sʰ i l sʰ i,NNG,3730,0.023
480,보도,p o t o,NNG,3711,0.022
481,아무,ɑ m u,MM,3700,0.022
482,발,p ɑ l,NNG,3699,0.022
483,전,tɕ ʌ n,MM,3692,0.022
484,달리,t ɑ l l i,MAG,3690,0.022
485,인정,i n tɕ ʌ ŋ,NNG,3685,0.022
486,분위기,p u n wi k i,NNG,3679,0.022
487,아무리,ɑ m u l i,MAG,3668,0.022
488,회장,h wɛ tɕ ɑ ŋ,NNG,3666,0.022
489,밥,p ɑ p,NNG,3646,0.022
490,노인,n o i n,NNG,3639,0.022
491,처리,tɕʰ ʌ l i,NNG,3638,0.022
492,판단,pʰ ɑ n t ɑ n,NNG,3632,0.022
493,목적,m o k tɕ* ʌ k,NNG,3629,0.022
494,저녁,tɕ ʌ n jʌ k,NNG,3626,0.022
495,음악,ɯ m ɑ k,NNG,3613,0.022
496,전국,tɕ ʌ n k u k,NNG,3608,0.022
497,차원,tɕʰ ɑ wʌ n,NNG,3602,0.022
498,증가,tɕ ɯ ŋ k ɑ,NNG,3600,0.022
499,할머니,h ɑ l m ʌ n i,NNG,3595,0.022
500,최고,tɕʰ wɛ k o,NNG,3587,0.022
501,팀,tʰ i m,NNG,3581,0.022
502,달러,t ɑ l l ʌ,NNB,3559,0.021
503,음식,ɯ m sʰ i k,NNG,3558,0.021
504,공동,k o ŋ t o ŋ,NNG,3557,0.021
505,기분,k i p u n,NNG,3552,0.021
506,업체,ʌ p tɕʰ ɛ,NNG,3546,0.021
507,신경,sʰ i n k jʌ ŋ,NNG,3541,0.021
508,훨씬,h wʌ l s* i n,MAG,3533,0.021
509,대회,t ɛ h wɛ,NNG,3531,0.021
510,눈물,n u n m u l,NNG,3531,0.021
511,운영,u n jʌ ŋ,NNG,3530,0.021
512,모두,m o t u,NNG,3529,0.021
513,우리나라,u l i n ɑ l ɑ,NNG,3525,0.021
514,현대,h jʌ n t ɛ,NNG,3524,0.021
515,현재,h jʌ n tɕ ɛ,NNG,3524,0.021
516,대로,t ɛ l o,NNB,3524,0.021
517,세력,sʰ ɛ l jʌ k,NNG,3523,0.021
518,점,tɕ ʌ m,NNB,3523,0.021
519,자료,tɕ ɑ l jo,NNG,3514,0.021
520,상품,sʰ ɑ ŋ pʰ u m,NNG,3504,0.021
521,제공,tɕ ɛ k o ŋ,NNG,3502,0.021
522,검찰,k ʌ m tɕʰ ɑ l,NNG,3500,0.021
523,차례,tɕʰ ɑ l jɛ,NNG,3498,0.021
524,애,ɛ,NNG,3498,0.021
525,말씀,m ɑ l s* ɯ m,NNG,3495,0.021
526,프랑스,pʰ ɯ l ɑ ŋ sʰ ɯ,NNP,3494,0.021
527,건설,k ʌ n sʰ ʌ l,NNG,3480,0.021
528,사진,sʰ ɑ tɕ i n,NNG,3468,0.021
529,딸,t* ɑ l,NNG,3464,0.021
530,종교,tɕ o ŋ k jo,NNG,3449,0.021
531,위원회,wi wʌ n h wɛ,NNG,3444,0.021
532,논리,n o l l i,NNG,3436,0.021
533,이날,i n ɑ l,NNG,3431,0.021
534,대중,t ɛ tɕ u ŋ,NNG,3428,0.021
535,주민,tɕ u m i n,NNG,3409,0.021
536,작용,tɕ ɑ k jo ŋ,NNG,3406,0.021
537,권력,k wʌ l l jʌ k,NNG,3405,0.021
538,평화,pʰ jʌ ŋ h wa,NNG,3403,0.021
539,서비스,sʰ ʌ p i sʰ ɯ,NNG,3395,0.02
540,밑,m i t,NNG,3393,0.02
541,경영,k jʌ ŋ jʌ ŋ,NNG,3389,0.02
542,자식,tɕ ɑ sʰ i k,NNG,3382,0.02
543,전문,tɕ ʌ n m u n,NNG,3375,0.02
544,이,i,NNP,3373,0.02
545,원인,wʌ n i n,NNG,3371,0.02
546,정권,tɕ ʌ ŋ k wʌ n,NNG,3369,0.02
547,논의,n o n ɰi,NNG,3363,0.02
548,잘못,tɕ ɑ l m o t,MAG,3354,0.02
549,아파트,ɑ pʰ ɑ tʰ ɯ,NNG,3348,0.02
550,늘,n ɯ l,MAG,3346,0.02
551,당,t ɑ ŋ,NNG,3342,0.02
552,병원,p jʌ ŋ wʌ n,NNG,3341,0.02
553,살,sʰ ɑ l,NNB,3338,0.02
554,적극,tɕ ʌ k k* ɯ k,NNG,3336,0.02
555,잠,tɕ ɑ m,NNG,3331,0.02
556,지난해,tɕ i n ɑ n h ɛ,NNG,3331,0.02
557,등장,t ɯ ŋ tɕ ɑ ŋ,NNG,3300,0.02
558,기회,k i h wɛ,NNG,3287,0.02
559,규정,k ju tɕ ʌ ŋ,NNG,3287,0.02
560,건강,k ʌ n k ɑ ŋ,NNG,3287,0.02
561,의료,ɰi l jo,NNG,3284,0.02
562,대화,t ɛ h wa,NNG,3276,0.02
563,요즘,jo tɕ ɯ m,NNG,3273,0.02
564,유럽,ju l ʌ p,NNP,3265,0.02
565,보호,p o h o,NNG,3264,0.02
566,제품,tɕ ɛ pʰ u m,NNG,3253,0.02
567,가정,k ɑ tɕ ʌ ŋ,NNG,3252,0.02
568,결코,k jʌ l kʰ o,MAG,3236,0.02
569,수사,sʰ u sʰ ɑ,NNG,3228,0.019
570,조금,tɕ o k ɯ m,MAG,3228,0.019
571,한편,h ɑ n pʰ jʌ n,NNG,3224,0.019
572,수,sʰ u,NNG,3221,0.019
573,사태,sʰ ɑ tʰ ɛ,NNG,3220,0.019
574,시기,sʰ i k i,NNG,3214,0.019
575,의사,ɰi sʰ ɑ,NNG,3214,0.019
576,외국,wɛ k u k,NNG,3208,0.019
577,올해,o l h ɛ,NNG,3203,0.019
578,감정,k ɑ m tɕ ʌ ŋ,NNG,3194,0.019
579,의견,ɰi k jʌ n,NNG,3193,0.019
580,아기,ɑ k i,NNG,3190,0.019
581,오래,o l ɛ,MAG,3179,0.019
582,담배,t ɑ m p ɛ,NNG,3176,0.019
583,주로,tɕ u l o,MAG,3165,0.019
584,다만,t ɑ m ɑ n,MAG,3159,0.019
585,지식,tɕ i sʰ i k,NNG,3157,0.019
586,그날,k ɯ n ɑ l,NNG,3150,0.019
587,회담,h wɛ t ɑ m,NNG,3150,0.019
588,간,k ɑ n,NNG,3150,0.019
589,특별,tʰ ɯ k p* jʌ l,NNG,3144,0.019
590,시설,sʰ i sʰ ʌ l,NNG,3139,0.019
591,인생,i n sʰ ɛ ŋ,NNG,3135,0.019
592,잠시,tɕ ɑ m sʰ i,MAG,3132,0.019
593,주인,tɕ u i n,NNG,3130,0.019
594,배,p ɛ,NNG,3130,0.019
595,미래,m i l ɛ,NNG,3119,0.019
596,국회,k u kʰ wɛ,NNG,3113,0.019
597,아니,ɑ n i,IC,3107,0.019
598,층,tɕʰ ɯ ŋ,NNG,3105,0.019
599,세,sʰ ɛ,NNB,3104,0.019
600,민주,m i n tɕ u,NNG,3102,0.019
601,차지,tɕʰ ɑ tɕ i,NNG,3101,0.019
602,이곳,i k o t,NP,3099,0.019
603,건물,k ʌ n m u l,NNG,3095,0.019
604,질서,tɕ i l sʰ ʌ,NNG,3079,0.019
605,성,sʰ ʌ ŋ,NNG,3072,0.019
606,혁명,h jʌ ŋ m jʌ ŋ,NNG,3071,0.019
607,언제나,ʌ n tɕ ɛ n ɑ,MAG,3066,0.019
608,자동차,tɕ ɑ t o ŋ tɕʰ ɑ,NNG,3065,0.019
609,그리,k ɯ l i,MAG,3065,0.019
610,고통,k o tʰ o ŋ,NNG,3040,0.018
611,어찌,ʌ tɕ* i,MAG,3033,0.018
612,통신,tʰ o ŋ sʰ i n,NNG,3024,0.018
613,어린이,ʌ l i n i,NNG,3021,0.018
614,형식,h jʌ ŋ sʰ i k,NNG,3019,0.018
615,분,p u n,NNB,3019,0.018
616,철학,tɕʰ ʌ l h ɑ k,NNG,3016,0.018
617,고향,k o h ja ŋ,NNG,3013,0.018
618,여전히,jʌ tɕ ʌ n h i,MAG,3009,0.018
619,불과,p u l k wa,MAG,3007,0.018
620,세대,sʰ ɛ t ɛ,NNG,3006,0.018
621,주변,tɕ u p jʌ n,NNG,3004,0.018
622,행복,h ɛ ŋ p o k,NNG,3003,0.018
623,개월,k ɛ wʌ l,NNB,2993,0.018
624,각종,k ɑ k tɕ* o ŋ,NNG,2991,0.018
625,신,sʰ i n,NNG,2987,0.018
626,셈,sʰ ɛ m,NNB,2985,0.018
627,사실,sʰ ɑ sʰ i l,MAG,2982,0.018
628,민중,m i n tɕ u ŋ,NNG,2978,0.018
629,그래,k ɯ l ɛ,IC,2978,0.018
630,약,ja k,MM,2977,0.018
631,식,sʰ i k,NNB,2962,0.018
632,오늘날,o n ɯ l l ɑ l,NNG,2939,0.018
633,예정,jɛ tɕ ʌ ŋ,NNG,2926,0.018
634,빛,p i t,NNG,2923,0.018
635,공장,k o ŋ tɕ ɑ ŋ,NNG,2922,0.018
636,보다,p o t ɑ,MAG,2919,0.018
637,여행,jʌ h ɛ ŋ,NNG,2910,0.018
638,반드시,p ɑ n t ɯ sʰ i,MAG,2902,0.018
639,지,tɕ i,NNB,2895,0.017
640,만,m ɑ n,NNB,2880,0.017
641,학문,h ɑ ŋ m u n,NNG,2877,0.017
642,벌써,p ʌ l s* ʌ,MAG,2873,0.017
643,부족,p u tɕ o k,NNG,2871,0.017
644,가격,k ɑ k jʌ k,NNG,2864,0.017
645,영역,jʌ ŋ jʌ k,NNG,2863,0.017
646,사고,sʰ ɑ k o,NNG,2862,0.017
647,위험,wi h ʌ m,NNG,2861,0.017
648,전망,tɕ ʌ n m ɑ ŋ,NNG,2855,0.017
649,예상,jɛ sʰ ɑ ŋ,NNG,2855,0.017
650,한편,h ɑ n pʰ jʌ n,MAG,2851,0.017
651,활용,h wa l jo ŋ,NNG,2847,0.017
652,그곳,k ɯ k o t,NP,2847,0.017
653,남북,n ɑ m p u k,NNP,2844,0.017
654,농민,n o ŋ m i n,NNG,2837,0.017
655,주체,tɕ u tɕʰ ɛ,NNG,2837,0.017
656,현장,h jʌ n tɕ ɑ ŋ,NNG,2834,0.017
657,실제로,sʰ i l tɕ ɛ l o,MAG,2801,0.017
658,집안,tɕ i p ɑ n,NNG,2791,0.017
659,해방,h ɛ p ɑ ŋ,NNG,2789,0.017
660,판매,pʰ ɑ n m ɛ,NNG,2787,0.017
661,웃음,u sʰ ɯ m,NNG,2785,0.017
662,사장,sʰ ɑ tɕ ɑ ŋ,NNG,2782,0.017
663,이익,i i k,NNG,2779,0.017
664,안정,ɑ n tɕ ʌ ŋ,NNG,2772,0.017
665,도움,t o u m,NNG,2765,0.017
666,전,tɕ ʌ n,MM,2762,0.017
667,어른,ʌ l ɯ n,NNG,2755,0.017
668,위치,wi tɕʰ i,NNG,2747,0.017
669,연결,jʌ n k jʌ l,NNG,2743,0.017
670,위기,wi k i,NNG,2743,0.017
671,각각,k ɑ k k* ɑ k,MAG,2742,0.017
672,강화,k ɑ ŋ h wa,NNG,2737,0.017
673,질문,tɕ i l m u n,NNG,2731,0.016
674,이전,i tɕ ʌ n,NNG,2727,0.016
675,대책,t ɛ tɕʰ ɛ k,NNG,2724,0.016
676,맛,m ɑ t,NNG,2724,0.016
677,귀,k wi,NNG,2723,0.016
678,치료,tɕʰ i l jo,NNG,2720,0.016
679,회,h wɛ,NNB,2715,0.016
680,종합,tɕ o ŋ h ɑ p,NNG,2715,0.016
681,호,h o,NNB,2713,0.016
682,그동안,k ɯ t o ŋ ɑ n,NNG,2712,0.016
683,냄새,n ɛ m sʰ ɛ,NNG,2709,0.016
684,과연,k wa jʌ n,MAG,2703,0.016
685,원칙,wʌ n tɕʰ i k,NNG,2703,0.016
686,물건,m u l k ʌ n,NNG,2699,0.016
687,빨리,p* ɑ l l i,MAG,2694,0.016
688,행사,h ɛ ŋ sʰ ɑ,NNG,2692,0.016
689,외,wɛ,NNB,2690,0.016
690,동물,t o ŋ m u l,NNG,2688,0.016
691,불안,p u l ɑ n,NNG,2685,0.016
692,동네,t o ŋ n ɛ,NNG,2685,0.016
693,비,p i,NNG,2678,0.016
694,전달,tɕ ʌ n t ɑ l,NNG,2677,0.016
695,거래,k ʌ l ɛ,NNG,2675,0.016
696,측면,tɕʰ ɯ ŋ m jʌ n,NNG,2674,0.016
697,반,p ɑ n,NNG,2673,0.016
698,자세,tɕ ɑ sʰ ɛ,NNG,2672,0.016
699,부담,p u t ɑ m,NNG,2671,0.016
700,약속,ja k s* o k,NNG,2668,0.016
701,소개,sʰ o k ɛ,NNG,2666,0.016
702,독일,t o k i l,NNP,2658,0.016
703,여름,jʌ l ɯ m,NNG,2656,0.016
704,행정,h ɛ ŋ tɕ ʌ ŋ,NNG,2642,0.016
705,듯이,t ɯ sʰ i,NNB,2642,0.016
706,제기,tɕ ɛ k i,NNG,2640,0.016
707,사내,sʰ ɑ n ɛ,NNG,2639,0.016
708,정리,tɕ ʌ ŋ n i,NNG,2638,0.016
709,학년,h ɑ ŋ n jʌ n,NNG,2637,0.016
710,겨울,k jʌ u l,NNG,2637,0.016
711,독립,t o ŋ n i p,NNG,2633,0.016
712,제,tɕ ɛ,NP,2625,0.016
713,자주,tɕ ɑ tɕ u,MAG,2625,0.016
714,개선,k ɛ sʰ ʌ n,NNG,2622,0.016
715,단순,t ɑ n sʰ u n,NNG,2619,0.016
716,편지,pʰ jʌ n tɕ i,NNG,2618,0.016
717,인터넷,i n tʰ ʌ n ɛ t,NNG,2617,0.016
718,우주,u tɕ u,NNG,2617,0.016
719,옛날,jɛ n n ɑ l,NNG,2616,0.016
720,주요,tɕ u jo,NNG,2616,0.016
721,그저,k ɯ tɕ ʌ,MAG,2615,0.016
722,집중,tɕ i p tɕ* u ŋ,NNG,2613,0.016
723,목표,m o k pʰ jo,NNG,2612,0.016
724,전략,tɕ ʌ l l ja k,NNG,2605,0.016
725,소비자,sʰ o p i tɕ ɑ,NNG,2602,0.016
726,거리,k ʌ l i,NNG,2597,0.016
727,실천,sʰ i l tɕʰ ʌ n,NNG,2596,0.016
728,흔히,h ɯ n h i,MAG,2596,0.016
729,그만,k ɯ m ɑ n,MAG,2592,0.016
730,숨,sʰ u m,NNG,2590,0.016
731,물질,m u l tɕ i l,NNG,2590,0.016
732,다리,t ɑ l i,NNG,2587,0.016
733,병,p jʌ ŋ,NNG,2574,0.016
734,반면,p ɑ n m jʌ n,NNG,2573,0.016
735,남성,n ɑ m sʰ ʌ ŋ,NNG,2569,0.016
736,고객,k o k ɛ k,NNG,2564,0.015
737,완전히,wa n tɕ ʌ n h i,MAG,2559,0.015
738,값,k ɑ p,NNG,2559,0.015
739,말,m ɑ l,NNB,2552,0.015
740,해석,h ɛ sʰ ʌ k,NNG,2551,0.015
741,중앙,tɕ u ŋ ɑ ŋ,NNG,2545,0.015
742,경기,k jʌ ŋ k i,NNG,2543,0.015
743,갈등,k ɑ l t ɯ ŋ,NNG,2543,0.015
744,목,m o k,NNG,2537,0.015
745,창조,tɕʰ ɑ ŋ tɕ o,NNG,2536,0.015
746,기존,k i tɕ o n,NNG,2535,0.015
747,업무,ʌ m m u,NNG,2528,0.015
748,후,h u,NNG,2524,0.015
749,피,pʰ i,NNG,2524,0.015
750,방안,p ɑ ŋ ɑ n,NNG,2522,0.015
751,파악,pʰ ɑ ɑ k,NNG,2522,0.015
752,주제,tɕ u tɕ ɛ,NNG,2520,0.015
753,도입,t o i p,NNG,2519,0.015
754,기계,k i k jɛ,NNG,2519,0.015
755,확보,h wa k p* o,NNG,2517,0.015
756,설치,sʰ ʌ l tɕʰ i,NNG,2514,0.015
757,소련,sʰ o l jʌ n,NNP,2514,0.015
758,손,sʰ o n,NNG,2511,0.015
759,직원,tɕ i k wʌ n,NNG,2507,0.015
760,일단,i l t ɑ n,MAG,2505,0.015
761,지속,tɕ i sʰ o k,NNG,2505,0.015
762,버스,p ʌ sʰ ɯ,NNG,2504,0.015
763,선수,sʰ ʌ n sʰ u,NNG,2494,0.015
764,반응,p ɑ n ɯ ŋ,NNG,2491,0.015
765,아,ɑ,IC,2490,0.015
766,독자,t o k tɕ* ɑ,NNG,2486,0.015
767,벽,p jʌ k,NNG,2485,0.015
768,요소,jo sʰ o,NNG,2482,0.015
769,해당,h ɛ t ɑ ŋ,NNG,2475,0.015
770,출신,tɕʰ u l sʰ i n,NNG,2475,0.015
771,관계자,k wa n k jɛ tɕ ɑ,NNG,2473,0.015
772,아빠,ɑ p* ɑ,NNG,2471,0.015
773,수입,sʰ u i p,NNG,2471,0.015
774,주인공,tɕ u i n k o ŋ,NNG,2458,0.015
775,부,p u,NNG,2455,0.015
776,보장,p o tɕ ɑ ŋ,NNG,2451,0.015
777,내부,n ɛ p u,NNG,2445,0.015
778,검토,k ʌ m tʰ o,NNG,2444,0.015
779,가득,k ɑ t ɯ k,MAG,2443,0.015
780,합의,h ɑ p ɰi,NNG,2438,0.015
781,재산,tɕ ɛ sʰ ɑ n,NNG,2437,0.015
782,상징,sʰ ɑ ŋ tɕ i ŋ,NNG,2435,0.015
783,서양,sʰ ʌ ja ŋ,NNG,2435,0.015
784,아마,ɑ m ɑ,MAG,2432,0.015
785,공개,k o ŋ k ɛ,NNG,2430,0.015
786,첫째,tɕʰ ʌ t tɕ* ɛ,NR,2426,0.015
787,항상,h ɑ ŋ sʰ ɑ ŋ,MAG,2426,0.015
788,희망,h ɰi m ɑ ŋ,NNG,2423,0.015
789,방문,p ɑ ŋ m u n,NNG,2421,0.015
790,구속,k u sʰ o k,NNG,2420,0.015
791,제한,tɕ ɛ h ɑ n,NNG,2415,0.015
792,이때,i t* ɛ,NNG,2413,0.015
793,장면,tɕ ɑ ŋ m jʌ n,NNG,2403,0.015
794,특징,tʰ ɯ k tɕ* i ŋ,NNG,2403,0.015
795,아무,ɑ m u,NP,2403,0.015
796,그럼,k ɯ l ʌ m,MAJ,2383,0.014
797,무대,m u t ɛ,NNG,2381,0.014
798,우려,u l jʌ,NNG,2381,0.014
799,그러므로,k ɯ l ʌ m ɯ l o,MAJ,2379,0.014
800,적용,tɕ ʌ k jo ŋ,NNG,2374,0.014
801,쌀,s* ɑ l,NNG,2372,0.014
802,개방,k ɛ p ɑ ŋ,NNG,2368,0.014
803,점점,tɕ ʌ m tɕ ʌ m,MAG,2364,0.014
804,시험,sʰ i h ʌ m,NNG,2364,0.014
805,사정,sʰ ɑ tɕ ʌ ŋ,NNG,2361,0.014
806,아저씨,ɑ tɕ ʌ s* i,NNG,2354,0.014
807,근거,k ɯ n k ʌ,NNG,2344,0.014
808,박사,p ɑ k s* ɑ,NNG,2340,0.014
809,거부,k ʌ p u,NNG,2338,0.014
810,러시아,l ʌ sʰ i ɑ,NNP,2333,0.014
811,이미지,i m i tɕ i,NNG,2331,0.014
812,발달,p ɑ l t ɑ l,NNG,2330,0.014
813,부부,p u p u,NNG,2329,0.014
814,어깨,ʌ k* ɛ,NNG,2328,0.014
815,둘째,t u l tɕ* ɛ,NR,2326,0.014
816,시인,sʰ i i n,NNG,2326,0.014
817,배,p ɛ,NNG,2318,0.014
818,군,k u n,NNG,2313,0.014
819,별로,p jʌ l l o,MAG,2313,0.014
820,인류,i l l ju,NNG,2311,0.014
821,따위,t* ɑ wi,NNB,2306,0.014
822,문명,m u n m jʌ ŋ,NNG,2300,0.014
823,보험,p o h ʌ m,NNG,2288,0.014
824,왕,wa ŋ,NNG,2287,0.014
825,청년,tɕʰ ʌ ŋ n jʌ n,NNG,2283,0.014
826,부정,p u tɕ ʌ ŋ,NNG,2280,0.014
827,연극,jʌ n k ɯ k,NNG,2279,0.014
828,전문가,tɕ ʌ n m u n k ɑ,NNG,2277,0.014
829,전개,tɕ ʌ n k ɛ,NNG,2277,0.014
830,정확,tɕ ʌ ŋ h wa k,NNG,2277,0.014
831,협상,h jʌ p s* ɑ ŋ,NNG,2277,0.014
832,선,sʰ ʌ n,NNG,2275,0.014
833,이른바,i l ɯ n p ɑ,MAG,2266,0.014
834,노동자,n o t o ŋ tɕ ɑ,NNG,2265,0.014
835,실제,sʰ i l tɕ ɛ,NNG,2260,0.014
836,탓,tʰ ɑ t,NNG,2257,0.014
837,까닭,k* ɑ t ɑ k,NNG,2253,0.014
838,조정,tɕ o tɕ ʌ ŋ,NNG,2250,0.014
839,구분,k u p u n,NNG,2249,0.014
840,텔레비전,tʰ ɛ l l ɛ p i tɕ ʌ n,NNG,2248,0.014
841,추구,tɕʰ u k u,NNG,2246,0.014
842,아무런,ɑ m u l ʌ n,MM,2246,0.014
843,공동체,k o ŋ t o ŋ tɕʰ ɛ,NNG,2244,0.014
844,비용,p i jo ŋ,NNG,2244,0.014
845,그러면,k ɯ l ʌ m jʌ n,MAJ,2241,0.014
846,영어,jʌ ŋ ʌ,NNP,2239,0.014
847,봄,p o m,NNG,2238,0.014
848,장,tɕ ɑ ŋ,NNB,2235,0.013
849,핵,h ɛ k,NNG,2235,0.013
850,며칠,m jʌ tɕʰ i l,NNG,2232,0.013
851,수행,sʰ u h ɛ ŋ,NNG,2227,0.013
852,상상,sʰ ɑ ŋ sʰ ɑ ŋ,NNG,2225,0.013
853,수출,sʰ u tɕʰ u l,NNG,2222,0.013
854,너무나,n ʌ m u n ɑ,MAG,2215,0.013
855,초,tɕʰ o,NNB,2215,0.013
856,의지,ɰi tɕ i,NNG,2210,0.013
857,한,h ɑ n,NNP,2208,0.013
858,기사,k i sʰ ɑ,NNG,2204,0.013
859,근대,k ɯ n t ɛ,NNG,2202,0.013
860,지구,tɕ i k u,NNG,2202,0.013
861,한국인,h ɑ n k u k i n,NNG,2201,0.013
862,기초,k i tɕʰ o,NNG,2201,0.013
863,투쟁,tʰ u tɕ ɛ ŋ,NNG,2191,0.013
864,새벽,sʰ ɛ p jʌ k,NNG,2187,0.013
865,근본,k ɯ n p o n,NNG,2187,0.013
866,할아버지,h ɑ l ɑ p ʌ tɕ i,NNG,2187,0.013
867,공격,k o ŋ k jʌ k,NNG,2185,0.013
868,조치,tɕ o tɕʰ i,NNG,2180,0.013
869,주택,tɕ u tʰ ɛ k,NNG,2179,0.013
870,식사,sʰ i k s* ɑ,NNG,2176,0.013
871,진실,tɕ i n sʰ i l,NNG,2175,0.013
872,주위,tɕ u wi,NNG,2173,0.013
873,문장,m u n tɕ ɑ ŋ,NNG,2173,0.013
874,혐의,h jʌ m ɰi,NNG,2173,0.013
875,감각,k ɑ m k ɑ k,NNG,2171,0.013
876,겨우,k jʌ u,MAG,2171,0.013
877,여인,jʌ i n,NNG,2166,0.013
878,과제,k wa tɕ ɛ,NNG,2162,0.013
879,공연,k o ŋ jʌ n,NNG,2162,0.013
880,총리,tɕʰ o ŋ n i,NNG,2161,0.013
881,민주당,m i n tɕ u t ɑ ŋ,NNP,2160,0.013
882,한,h ɑ n,NNG,2156,0.013
883,담당,t ɑ m t ɑ ŋ,NNG,2155,0.013
884,해외,h ɛ wɛ,NNG,2150,0.013
885,유명,ju m jʌ ŋ,NNG,2148,0.013
886,위,wi,NNB,2145,0.013
887,한계,h ɑ n k jɛ,NNG,2143,0.013
888,요인,jo i n,NNG,2143,0.013
889,제작,tɕ ɛ tɕ ɑ k,NNG,2141,0.013
890,그러니까,k ɯ l ʌ n i k* ɑ,MAJ,2141,0.013
891,가을,k ɑ ɯ l,NNG,2137,0.013
892,군사,k u n sʰ ɑ,NNG,2133,0.013
893,마리,m ɑ l i,NNB,2126,0.013
894,백만,p ɛ ŋ m ɑ n,NR,2123,0.013
895,도착,t o tɕʰ ɑ k,NNG,2123,0.013
896,네,n ɛ,MM,2121,0.013
897,수단,sʰ u t ɑ n,NNG,2113,0.013
898,인,i n,NNG,2110,0.013
899,방침,p ɑ ŋ tɕʰ i m,NNG,2105,0.013
900,어둠,ʌ t u m,NNG,2102,0.013
901,과,k wa,NNG,2100,0.013
902,거리,k ʌ l i,NNG,2097,0.013
903,정상,tɕ ʌ ŋ sʰ ɑ ŋ,NNG,2097,0.013
904,자꾸,tɕ ɑ k* u,MAG,2095,0.013
905,바탕,p ɑ tʰ ɑ ŋ,NNG,2095,0.013
906,오전,o tɕ ʌ n,NNG,2095,0.013
907,조,tɕ o,NR,2094,0.013
908,평,pʰ jʌ ŋ,NNB,2093,0.013
909,교회,k jo h wɛ,NNG,2090,0.013
910,편,pʰ jʌ n,NNB,2090,0.013
911,계기,k jɛ k i,NNG,2087,0.013
912,나머지,n ɑ m ʌ tɕ i,NNG,2086,0.013
913,동생,t o ŋ sʰ ɛ ŋ,NNG,2084,0.013
914,제외,tɕ ɛ wɛ,NNG,2083,0.013
915,부산,p u sʰ ɑ n,NNP,2080,0.013
916,가끔,k ɑ k* ɯ m,MAG,2078,0.013
917,바닥,p ɑ t ɑ k,NNG,2075,0.013
918,한참,h ɑ n tɕʰ ɑ m,NNG,2074,0.013
919,새로,sʰ ɛ l o,MAG,2073,0.013
920,소비,sʰ o p i,NNG,2070,0.012
921,여부,jʌ p u,NNG,2070,0.012
922,사례,sʰ ɑ l jɛ,NNG,2070,0.012
923,비록,p i l o k,MAG,2069,0.012
924,그룹,k ɯ l u p,NNG,2063,0.012
925,자본주의,tɕ ɑ p o n tɕ u ɰi,NNG,2062,0.012
926,소년,sʰ o n jʌ n,NNG,2061,0.012
927,만약,m ɑ n ja k,NNG,2051,0.012
928,배경,p ɛ k jʌ ŋ,NNG,2050,0.012
929,나중,n ɑ tɕ u ŋ,NNG,2048,0.012
930,계급,k jɛ k ɯ p,NNG,2047,0.012
931,인기,i n k i,NNG,2042,0.012
932,공식,k o ŋ sʰ i k,NNG,2041,0.012
933,멀리,m ʌ l l i,MAG,2040,0.012
934,피해,pʰ i h ɛ,NNG,2039,0.012
935,열심히,jʌ l sʰ i m h i,MAG,2038,0.012
936,자본,tɕ ɑ p o n,NNG,2038,0.012
937,종류,tɕ o ŋ n ju,NNG,2038,0.012
938,어쩌면,ʌ tɕ* ʌ m jʌ n,MAG,2037,0.012
939,일정,i l tɕ ʌ ŋ,NNG,2035,0.012
940,통합,tʰ o ŋ h ɑ p,NNG,2035,0.012
941,실패,sʰ i l pʰ ɛ,NNG,2032,0.012
942,주목,tɕ u m o k,NNG,2032,0.012
943,무렵,m u l jʌ p,NNB,2029,0.012
944,소식,sʰ o sʰ i k,NNG,2029,0.012
945,장소,tɕ ɑ ŋ sʰ o,NNG,2028,0.012
946,주식,tɕ u sʰ i k,NNG,2020,0.012
947,총,tɕʰ o ŋ,MM,2019,0.012
948,참,tɕʰ ɑ m,MAG,2012,0.012
949,벤처,p ɛ n tɕʰ ʌ,NNG,2010,0.012
950,내일,n ɛ i l,NNG,2008,0.012
951,평균,pʰ jʌ ŋ k ju n,NNG,2007,0.012
952,요청,jo tɕʰ ʌ ŋ,NNG,2005,0.012
953,의도,ɰi t o,NNG,2002,0.012
954,도덕,t o t ʌ k,NNG,2001,0.012
955,싸움,s* ɑ u m,NNG,1999,0.012
956,최,tɕʰ wɛ,NNP,1995,0.012
957,포기,pʰ o k i,NNG,1994,0.012
958,미리,m i l i,MAG,1991,0.012
959,공급,k o ŋ k ɯ p,NNG,1991,0.012
960,인사,i n sʰ ɑ,NNG,1991,0.012
961,편,pʰ jʌ n,NNB,1988,0.012
962,부문,p u m u n,NNG,1988,0.012
963,안전,ɑ n tɕ ʌ n,NNG,1988,0.012
964,개,k ɛ,NNG,1981,0.012
965,네,n ɛ,NP,1976,0.012
966,민주주의,m i n tɕ u tɕ u ɰi,NNG,1976,0.012
967,자네,tɕ ɑ n ɛ,NP,1975,0.012
968,천만,tɕʰ ʌ n m ɑ n,NR,1974,0.012
969,폭력,pʰ o ŋ n jʌ k,NNG,1971,0.012
970,파괴,pʰ ɑ k wɛ,NNG,1971,0.012
971,원래,wʌ l l ɛ,NNG,1966,0.012
972,극복,k ɯ k p* o k,NNG,1964,0.012
973,팔,pʰ ɑ l,NNG,1963,0.012
974,무역,m u jʌ k,NNG,1960,0.012
975,시선,sʰ i sʰ ʌ n,NNG,1958,0.012
976,한마디,h ɑ n m ɑ t i,NNG,1958,0.012
977,전자,tɕ ʌ n tɕ ɑ,NNG,1954,0.012
978,본격,p o n k jʌ k,NNG,1950,0.012
979,고려,k o l jʌ,NNG,1950,0.012
980,협력,h jʌ m n jʌ k,NNG,1949,0.012
981,당국,t ɑ ŋ k u k,NNG,1949,0.012
982,한반도,h ɑ n p ɑ n t o,NNP,1945,0.012
983,핵심,h ɛ k s* i m,NNG,1945,0.012
984,뉴스,n ju sʰ ɯ,NNG,1940,0.012
985,손가락,sʰ o n k ɑ l ɑ k,NNG,1940,0.012
986,새끼,sʰ ɛ k* i,NNG,1934,0.012
987,긴장,k i n tɕ ɑ ŋ,NNG,1932,0.012
988,눈치,n u n tɕʰ i,NNG,1930,0.012
989,시행,sʰ i h ɛ ŋ,NNG,1927,0.012
990,접근,tɕ ʌ p k* ɯ n,NNG,1927,0.012
991,작년,tɕ ɑ ŋ n jʌ n,NNG,1924,0.012
992,관점,k wa n tɕ ʌ m,NNG,1921,0.012
993,당장,t ɑ ŋ tɕ ɑ ŋ,NNG,1918,0.012
994,상호,sʰ ɑ ŋ h o,NNG,1914,0.012
995,비로소,p i l o sʰ o,MAG,1913,0.012
996,회복,h wɛ p o k,NNG,1913,0.012
997,전환,tɕ ʌ n h wa n,NNG,1913,0.012
998,시각,sʰ i k ɑ k,NNG,1910,0.012
999,청소년,tɕʰ ʌ ŋ sʰ o n jʌ n,NNG,1909,0.012
1000,합리,h ɑ m n i,NNG,1909,0.012
1001,실험,sʰ i l h ʌ m,NNG,1906,0.012
1002,스스로,sʰ ɯ sʰ ɯ l o,NNG,1903,0.011
1003,부인,p u i n,NNG,1902,0.011
1004,검사,k ʌ m sʰ ɑ,NNG,1900,0.011
1005,특정,tʰ ɯ k tɕ* ʌ ŋ,NNG,1897,0.011
1006,자율,tɕ ɑ ju l,NNG,1897,0.011
1007,자,tɕ ɑ,NNG,1896,0.011
1008,형사,h jʌ ŋ sʰ ɑ,NNG,1894,0.011
1009,졸업,tɕ o l ʌ p,NNG,1892,0.011
1010,직장,tɕ i k tɕ* ɑ ŋ,NNG,1892,0.011
1011,분명히,p u n m jʌ ŋ h i,MAG,1891,0.011
1012,약,ja k,NNG,1887,0.011
1013,위원장,wi wʌ n tɕ ɑ ŋ,NNG,1886,0.011
1014,잔,tɕ ɑ n,NNG,1886,0.011
1015,출발,tɕʰ u l p ɑ l,NNG,1883,0.011
1016,마침내,m ɑ tɕʰ i m n ɛ,MAG,1881,0.011
1017,최초,tɕʰ wɛ tɕʰ o,NNG,1881,0.011
1018,줄,tɕ u l,NNG,1880,0.011
1019,불교,p u l k jo,NNG,1878,0.011
1020,정,tɕ ʌ ŋ,NNP,1877,0.011
1021,죄,tɕ wɛ,NNG,1877,0.011
1022,새,sʰ ɛ,NNG,1876,0.011
1023,주도,tɕ u t o,NNG,1871,0.011
1024,열,jʌ l,NR,1866,0.011
1025,상당,sʰ ɑ ŋ t ɑ ŋ,NNG,1864,0.011
1026,자랑,tɕ ɑ l ɑ ŋ,NNG,1862,0.011
1027,학자,h ɑ k tɕ* ɑ,NNG,1860,0.011
1028,배,p ɛ,NNG,1859,0.011
1029,모임,m o i m,NNG,1857,0.011
1030,시도,sʰ i t o,NNG,1855,0.011
1031,가난,k ɑ n ɑ n,NNG,1855,0.011
1032,걸음,k ʌ l ɯ m,NNG,1854,0.011
1033,절차,tɕ ʌ l tɕʰ ɑ,NNG,1853,0.011
1034,본질,p o n tɕ i l,NNG,1852,0.011
1035,대응,t ɛ ɯ ŋ,NNG,1852,0.011
1036,등,t ɯ ŋ,NNG,1852,0.011
1037,최대,tɕʰ wɛ t ɛ,NNG,1849,0.011
1038,언니,ʌ n n i,NNG,1849,0.011
1039,이데올로기,i t ɛ o l l o k i,NNG,1847,0.011
1040,지도,tɕ i t o,NNG,1847,0.011
1041,급,k ɯ p,NNG,1846,0.011
1042,매일,m ɛ i l,MAG,1843,0.011
1043,충격,tɕʰ u ŋ k jʌ k,NNG,1843,0.011
1044,언제,ʌ n tɕ ɛ,NP,1842,0.011
1045,특수,tʰ ɯ k s* u,NNG,1841,0.011
1046,세월,sʰ ɛ wʌ l,NNG,1841,0.011
1047,경향,k jʌ ŋ h ja ŋ,NNG,1840,0.011
1048,선언,sʰ ʌ n ʌ n,NNG,1840,0.011
1049,상처,sʰ ɑ ŋ tɕʰ ʌ,NNG,1838,0.011
1050,운명,u n m jʌ ŋ,NNG,1836,0.011
1051,기구,k i k u,NNG,1834,0.011
1052,올,o l,MM,1833,0.011
1053,일상,i l sʰ ɑ ŋ,NNG,1832,0.011
1054,의심,ɰi sʰ i m,NNG,1832,0.011
1055,직업,tɕ i k ʌ p,NNG,1832,0.011
1056,특성,tʰ ɯ k s* ʌ ŋ,NNG,1831,0.011
1057,외국인,wɛ k u k i n,NNG,1830,0.011
1058,인구,i n k u,NNG,1828,0.011
1059,도로,t o l o,NNG,1825,0.011
1060,아무것,ɑ m u k ʌ t,NNG,1822,0.011
1061,나름,n ɑ l ɯ m,NNB,1821,0.011
1062,적어도,tɕ ʌ k ʌ t o,MAG,1818,0.011
1063,위원,wi wʌ n,NNG,1812,0.011
1064,돌,t o l,NNG,1812,0.011
1065,수업,sʰ u ʌ p,NNG,1805,0.011
1066,마당,m ɑ t ɑ ŋ,NNG,1805,0.011
1067,사고,sʰ ɑ k o,NNG,1804,0.011
1068,가게,k ɑ k ɛ,NNG,1804,0.011
1069,완전,wa n tɕ ʌ n,NNG,1801,0.011
1070,이웃,i u t,NNG,1801,0.011
1071,실현,sʰ i l h jʌ n,NNG,1800,0.011
1072,훈련,h u l l jʌ n,NNG,1799,0.011
1073,뿌리,p* u l i,NNG,1798,0.011
1074,장치,tɕ ɑ ŋ tɕʰ i,NNG,1796,0.011
1075,일,i l,NNP,1793,0.011
1076,체험,tɕʰ ɛ h ʌ m,NNG,1792,0.011
1077,속도,sʰ o k t* o,NNG,1791,0.011
1078,소,sʰ o,NNG,1791,0.011
1079,소유,sʰ o ju,NNG,1791,0.011
1080,전제,tɕ ʌ n tɕ ɛ,NNG,1791,0.011
1081,아시아,ɑ sʰ i ɑ,NNP,1788,0.011
1082,커피,kʰ ʌ pʰ i,NNG,1784,0.011
1083,녀석,n jʌ sʰ ʌ k,NNB,1784,0.011
1084,숲,sʰ u p,NNG,1783,0.011
1085,복지,p o k tɕ* i,NNG,1781,0.011
1086,단지,t ɑ n tɕ i,MAG,1779,0.011
1087,사항,sʰ ɑ h ɑ ŋ,NNG,1778,0.011
1088,참가,tɕʰ ɑ m k ɑ,NNG,1775,0.011
1089,모델,m o t ɛ l,NNG,1771,0.011
1090,소득,sʰ o t ɯ k,NNG,1770,0.011
1091,원리,wʌ l l i,NNG,1767,0.011
1092,초기,tɕʰ o k i,NNG,1764,0.011
1093,도대체,t o t ɛ tɕʰ ɛ,MAG,1764,0.011
1094,민간,m i n k ɑ n,NNG,1762,0.011
1095,따로,t* ɑ l o,MAG,1758,0.011
1096,현대,h jʌ n t ɛ,NNP,1757,0.011
1097,더구나,t ʌ k u n ɑ,MAG,1757,0.011
1098,이념,i n jʌ m,NNG,1757,0.011
1099,다섯,t ɑ sʰ ʌ t,NR,1753,0.011
1100,보고,p o k o,NNG,1752,0.011
1101,눈,n u n,NNG,1749,0.011
1102,짓,tɕ i t,NNG,1746,0.011
1103,때로,t* ɛ l o,MAG,1746,0.011
1104,충분히,tɕʰ u ŋ p u n h i,MAG,1744,0.011
1105,반영,p ɑ n jʌ ŋ,NNG,1743,0.011
1106,마련,m ɑ l jʌ n,NNB,1742,0.011
1107,식품,sʰ i k pʰ u m,NNG,1736,0.01
1108,비밀,p i m i l,NNG,1735,0.01
1109,대,t ɛ,NNB,1734,0.01
1110,사회주의,sʰ ɑ h wɛ tɕ u ɰi,NNG,1733,0.01
1111,상승,sʰ ɑ ŋ sʰ ɯ ŋ,NNG,1732,0.01
1112,내년,n ɛ n jʌ n,NNG,1731,0.01
1113,범죄,p ʌ m tɕ wɛ,NNG,1730,0.01
1114,고민,k o m i n,NNG,1727,0.01
1115,온,o n,MM,1724,0.01
1116,만일,m ɑ n i l,NNG,1724,0.01
1117,지시,tɕ i sʰ i,NNG,1721,0.01
1118,오랜,o l ɛ n,MM,1720,0.01
1119,감소,k ɑ m sʰ o,NNG,1720,0.01
1120,카드,kʰ ɑ t ɯ,NNG,1712,0.01
1121,눈길,n u n k i l,NNG,1711,0.01
1122,외교,wɛ k jo,NNG,1711,0.01
1123,회원,h wɛ wʌ n,NNG,1711,0.01
1124,순수,sʰ u n sʰ u,NNG,1709,0.01
1125,약간,ja k k* ɑ n,MAG,1708,0.01
1126,권,k wʌ n,NNB,1706,0.01
1127,규제,k ju tɕ ɛ,NNG,1705,0.01
1128,언제,ʌ n tɕ ɛ,MAG,1703,0.01
1129,통제,tʰ o ŋ tɕ ɛ,NNG,1703,0.01
1130,옛,jɛ t,MM,1700,0.01
1131,보통,p o tʰ o ŋ,NNG,1698,0.01
1132,남녀,n ɑ m n jʌ,NNG,1698,0.01
1133,허용,h ʌ jo ŋ,NNG,1695,0.01
1134,노조,n o tɕ o,NNG,1695,0.01
1135,공공,k o ŋ k o ŋ,NNG,1692,0.01
1136,참석,tɕʰ ɑ m sʰ ʌ k,NNG,1690,0.01
1137,짐작,tɕ i m tɕ ɑ k,NNG,1688,0.01
1138,서로,sʰ ʌ l o,NNG,1686,0.01
1139,색,sʰ ɛ k,NNG,1684,0.01
1140,농업,n o ŋ ʌ p,NNG,1683,0.01
1141,건축,k ʌ n tɕʰ u k,NNG,1682,0.01
1142,거대,k ʌ t ɛ,NNG,1675,0.01
1143,공사,k o ŋ sʰ ɑ,NNG,1673,0.01
1144,입술,i p s* u l,NNG,1673,0.01
1145,아예,ɑ jɛ,MAG,1672,0.01
1146,폭,pʰ o k,NNG,1669,0.01
1147,심리,sʰ i m n i,NNG,1668,0.01
1148,게다가,k ɛ t ɑ k ɑ,MAG,1664,0.01
1149,자극,tɕ ɑ k ɯ k,NNG,1661,0.01
1150,단,t ɑ n,MM,1660,0.01
1151,근무,k ɯ n m u,NNG,1659,0.01
1152,별,p jʌ l,NNG,1659,0.01
1153,시스템,sʰ i sʰ ɯ tʰ ɛ m,NNG,1658,0.01
1154,한번,h ɑ n p ʌ n,NNG,1658,0.01
1155,사무실,sʰ ɑ m u sʰ i l,NNG,1657,0.01
1156,매체,m ɛ tɕʰ ɛ,NNG,1657,0.01
1157,인사,i n sʰ ɑ,NNG,1654,0.01
1158,뭐,m wʌ,IC,1654,0.01
1159,결론,k jʌ l l o n,NNG,1654,0.01
1160,한쪽,h ɑ n tɕ* o k,NNG,1654,0.01
1161,진출,tɕ i n tɕʰ u l,NNG,1653,0.01
1162,장애,tɕ ɑ ŋ ɛ,NNG,1650,0.01
1163,지식인,tɕ i sʰ i k i n,NNG,1649,0.01
1164,놀이,n o l i,NNG,1648,0.01
1165,중간,tɕ u ŋ k ɑ n,NNG,1647,0.01
1166,설립,sʰ ʌ l l i p,NNG,1642,0.01
1167,고기,k o k i,NNG,1640,0.01
1168,이라크,i l ɑ kʰ ɯ,NNP,1640,0.01
1169,욕망,jo ŋ m ɑ ŋ,NNG,1639,0.01
1170,유일,ju i l,NNG,1637,0.01
1171,오빠,o p* ɑ,NNG,1633,0.01
1172,임금,i m k ɯ m,NNG,1633,0.01
1173,윤리,ju l l i,NNG,1630,0.01
1174,재정,tɕ ɛ tɕ ʌ ŋ,NNG,1629,0.01
1175,게임,k ɛ i m,NNG,1627,0.01
1176,직접,tɕ i k tɕ* ʌ p,NNG,1624,0.01
1177,서구,sʰ ʌ k u,NNP,1624,0.01
1178,흐름,h ɯ l ɯ m,NNG,1623,0.01
1179,그렇지만,k ɯ l ʌ tɕʰ i m ɑ n,MAJ,1623,0.01
1180,문득,m u n t ɯ k,MAG,1623,0.01
1181,지지,tɕ i tɕ i,NNG,1622,0.01
1182,일종,i l tɕ o ŋ,NNG,1621,0.01
1183,이동,i t o ŋ,NNG,1621,0.01
1184,기반,k i p ɑ n,NNG,1619,0.01
1185,만족,m ɑ n tɕ o k,NNG,1617,0.01
1186,모순,m o sʰ u n,NNG,1613,0.01
1187,금지,k ɯ m tɕ i,NNG,1613,0.01
1188,지향,tɕ i h ja ŋ,NNG,1613,0.01
1189,비난,p i n ɑ n,NNG,1612,0.01
1190,장기,tɕ ɑ ŋ k i,NNG,1607,0.01
1191,계약,k jɛ ja k,NNG,1607,0.01
1192,곁,k jʌ t,NNG,1605,0.01
1193,절대,tɕ ʌ l t ɛ,NNG,1604,0.01
1194,단위,t ɑ n wi,NNG,1603,0.01
1195,차별,tɕʰ ɑ p jʌ l,NNG,1603,0.01
1196,토지,tʰ o tɕ i,NNG,1602,0.01
1197,동원,t o ŋ wʌ n,NNG,1601,0.01
1198,무시,m u sʰ i,NNG,1599,0.01
1199,제목,tɕ ɛ m o k,NNG,1599,0.01
1200,구경,k u k jʌ ŋ,NNG,1597,0.01
1201,이외,i wɛ,NNG,1597,0.01
1202,부장,p u tɕ ɑ ŋ,NNG,1596,0.01
1203,무척,m u tɕʰ ʌ k,MAG,1595,0.01
1204,구멍,k u m ʌ ŋ,NNG,1590,0.01
1205,성과,sʰ ʌ ŋ k wa,NNG,1590,0.01
1206,그만큼,k ɯ m ɑ n kʰ ɯ m,MAG,1588,0.01
1207,법원,p ʌ p wʌ n,NNG,1586,0.01
1208,크기,kʰ ɯ k i,NNG,1585,0.01
1209,춤,tɕʰ u m,NNG,1584,0.01
1210,법,p ʌ p,NNB,1578,0.01
1211,허리,h ʌ l i,NNG,1572,0.009
1212,오염,o jʌ m,NNG,1571,0.009
1213,정당,tɕ ʌ ŋ t ɑ ŋ,NNG,1571,0.009
1214,확산,h wa k s* ɑ n,NNG,1567,0.009
1215,인사,i n sʰ ɑ,NNG,1567,0.009
1216,여론,jʌ l o n,NNG,1564,0.009
1217,미군,m i k u n,NNG,1564,0.009
1218,증거,tɕ ɯ ŋ k ʌ,NNG,1564,0.009
1219,광주,k wa ŋ tɕ u,NNP,1562,0.009
1220,대립,t ɛ l i p,NNG,1560,0.009
1221,교통,k jo tʰ o ŋ,NNG,1559,0.009
1222,청와대,tɕʰ ʌ ŋ wa t ɛ,NNP,1556,0.009
1223,호텔,h o tʰ ɛ l,NNG,1555,0.009
1224,예산,jɛ sʰ ɑ n,NNG,1551,0.009
1225,권리,k wʌ l l i,NNG,1550,0.009
1226,저항,tɕ ʌ h ɑ ŋ,NNG,1549,0.009
1227,젊은이,tɕ ʌ l m ɯ n i,NNG,1547,0.009
1228,수술,sʰ u sʰ u l,NNG,1546,0.009
1229,수용,sʰ u jo ŋ,NNG,1546,0.009
1230,외부,wɛ p u,NNG,1545,0.009
1231,부탁,p u tʰ ɑ k,NNG,1545,0.009
1232,연구소,jʌ n k u sʰ o,NNG,1545,0.009
1233,식민지,sʰ i ŋ m i n tɕ i,NNG,1545,0.009
1234,평소,pʰ jʌ ŋ sʰ o,NNG,1543,0.009
1235,건,k ʌ n,NNB,1543,0.009
1236,미,m i,NNG,1543,0.009
1237,움직임,u m tɕ i k i m,NNG,1542,0.009
1238,다소,t ɑ sʰ o,MAG,1541,0.009
1239,참으로,tɕʰ ɑ m ɯ l o,MAG,1536,0.009
1240,학습,h ɑ k s* ɯ p,NNG,1536,0.009
1241,깊이,k i pʰ i,MAG,1535,0.009
1242,키,kʰ i,NNG,1534,0.009
1243,가까이,k ɑ k* ɑ i,MAG,1533,0.009
1244,조성,tɕ o sʰ ʌ ŋ,NNG,1532,0.009
1245,혼란,h o l l ɑ n,NNG,1527,0.009
1246,낮,n ɑ t,NNG,1527,0.009
1247,의혹,ɰi h o k,NNG,1526,0.009
1248,시위,sʰ i wi,NNG,1525,0.009
1249,사물,sʰ ɑ m u l,NNG,1523,0.009
1250,평등,pʰ jʌ ŋ t ɯ ŋ,NNG,1521,0.009
1251,긍정,k ɯ ŋ tɕ ʌ ŋ,NNG,1518,0.009
1252,코,kʰ o,NNG,1517,0.009
1253,유전자,ju tɕ ʌ n tɕ ɑ,NNG,1512,0.009
1254,보편,p o pʰ jʌ n,NNG,1508,0.009
1255,분리,p u l l i,NNG,1507,0.009
1256,의무,ɰi m u,NNG,1506,0.009
1257,시골,sʰ i k o l,NNG,1505,0.009
1258,선물,sʰ ʌ n m u l,NNG,1504,0.009
1259,공정,k o ŋ tɕ ʌ ŋ,NNG,1499,0.009
1260,완성,wa n sʰ ʌ ŋ,NNG,1499,0.009
1261,농촌,n o ŋ tɕʰ o n,NNG,1496,0.009
1262,농사,n o ŋ sʰ ɑ,NNG,1496,0.009
1263,인도,i n t o,NNP,1496,0.009
1264,틈,tʰ ɯ m,NNG,1495,0.009
1265,혹시,h o k s* i,MAG,1495,0.009
1266,신청,sʰ i n tɕʰ ʌ ŋ,NNG,1494,0.009
1267,잘못,tɕ ɑ l m o t,NNG,1493,0.009
1268,어려움,ʌ l jʌ u m,NNG,1491,0.009
1269,대북,t ɛ p u k,NNG,1491,0.009
1270,승리,sʰ ɯ ŋ n i,NNG,1490,0.009
1271,축구,tɕʰ u k k* u,NNG,1490,0.009
1272,구별,k u p jʌ l,NNG,1488,0.009
1273,대체로,t ɛ tɕʰ ɛ l o,MAG,1486,0.009
1274,경쟁력,k jʌ ŋ tɕ ɛ ŋ n jʌ k,NNG,1485,0.009
1275,인상,i n sʰ ɑ ŋ,NNG,1484,0.009
1276,반,p ɑ n,NNG,1480,0.009
1277,제,tɕ ɛ,MM,1479,0.009
1278,계산,k jɛ sʰ ɑ n,NNG,1478,0.009
1279,이하,i h ɑ,NNG,1476,0.009
1280,효율,h jo ju l,NNG,1475,0.009
1281,남쪽,n ɑ m tɕ* o k,NNG,1469,0.009
1282,일제,i l tɕ ɛ,NNG,1468,0.009
1283,바람,p ɑ l ɑ m,NNB,1467,0.009
1284,균형,k ju n h jʌ ŋ,NNG,1465,0.009
1285,자녀,tɕ ɑ n jʌ,NNG,1465,0.009
1286,추가,tɕʰ u k ɑ,NNG,1464,0.009
1287,재벌,tɕ ɛ p ʌ l,NNG,1463,0.009
1288,견해,k jʌ n h ɛ,NNG,1462,0.009
1289,소속,sʰ o sʰ o k,NNG,1462,0.009
1290,불편,p u l pʰ jʌ n,NNG,1462,0.009
1291,식구,sʰ i k k* u,NNG,1460,0.009
1292,왜냐하면,wɛ n ja h ɑ m jʌ n,MAG,1460,0.009
1293,강,k ɑ ŋ,NNG,1459,0.009
1294,십,sʰ i p,NR,1457,0.009
1295,꼴,k* o l,NNG,1457,0.009
1296,점차,tɕ ʌ m tɕʰ ɑ,MAG,1454,0.009
1297,의사,ɰi sʰ ɑ,NNG,1453,0.009
1298,반복,p ɑ n p o k,NNG,1452,0.009
1299,일찍,i l tɕ* i k,MAG,1451,0.009
1300,좌우,tɕ wa u,NNG,1451,0.009
1301,가입,k ɑ i p,NNG,1449,0.009
1302,월드컵,wʌ l t ɯ kʰ ʌ p,NNG,1448,0.009
1303,의존,ɰi tɕ o n,NNG,1447,0.009
1304,미안,m i ɑ n,NNG,1446,0.009
1305,언젠가,ʌ n tɕ ɛ n k ɑ,MAG,1445,0.009
1306,통과,tʰ o ŋ k wa,NNG,1445,0.009
1307,안,ɑ n,NNG,1444,0.009
1308,여유,jʌ ju,NNG,1444,0.009
1309,종이,tɕ o ŋ i,NNG,1441,0.009
1310,배우,p ɛ u,NNG,1440,0.009
1311,고려,k o l jʌ,NNP,1439,0.009
1312,선배,sʰ ʌ n p ɛ,NNG,1438,0.009
1313,주의,tɕ u ɰi,NNG,1438,0.009
1314,총선,tɕʰ o ŋ sʰ ʌ n,NNG,1438,0.009
1315,오랫동안,o l ɛ t t* o ŋ ɑ n,NNG,1433,0.009
1316,위협,wi h jʌ p,NNG,1433,0.009
1317,질,tɕ i l,NNG,1432,0.009
1318,주부,tɕ u p u,NNG,1428,0.009
1319,땀,t* ɑ m,NNG,1428,0.009
1320,어미,ʌ m i,NNG,1427,0.009
1321,공무원,k o ŋ m u wʌ n,NNG,1427,0.009
1322,양,ja ŋ,NNG,1427,0.009
1323,관념,k wa n n jʌ m,NNG,1425,0.009
1324,오직,o tɕ i k,MAG,1425,0.009
1325,조심,tɕ o sʰ i m,NNG,1425,0.009
1326,천천히,tɕʰ ʌ n tɕʰ ʌ n h i,MAG,1423,0.009
1327,신화,sʰ i n h wa,NNG,1422,0.009
1328,지도자,tɕ i t o tɕ ɑ,NNG,1421,0.009
1329,가만히,k ɑ m ɑ n h i,MAG,1419,0.009
1330,마디,m ɑ t i,NNG,1418,0.009
1331,선정,sʰ ʌ n tɕ ʌ ŋ,NNG,1418,0.009
1332,칼,kʰ ɑ l,NNG,1417,0.009
1333,물론,m u l l o n,NNG,1415,0.009
1334,불행,p u l h ɛ ŋ,NNG,1414,0.009
1335,몹시,m o p s* i,MAG,1414,0.009
1336,대출,t ɛ tɕʰ u l,NNG,1412,0.009
1337,소문,sʰ o m u n,NNG,1410,0.009
1338,제사,tɕ ɛ sʰ ɑ,NNG,1410,0.009
1339,용어,jo ŋ ʌ,NNG,1409,0.009
1340,문제점,m u n tɕ ɛ tɕ ʌ m,NNG,1409,0.009
1341,설정,sʰ ʌ l tɕ ʌ ŋ,NNG,1408,0.008
1342,토론,tʰ o l o n,NNG,1403,0.008
1343,구입,k u i p,NNG,1403,0.008
1344,꽤,k* wɛ,MAG,1403,0.008
1345,금방,k ɯ m p ɑ ŋ,MAG,1402,0.008
1346,미소,m i sʰ o,NNG,1402,0.008
1347,영혼,jʌ ŋ h o n,NNG,1401,0.008
1348,섬,sʰ ʌ m,NNG,1398,0.008
1349,리,l i,NNB,1397,0.008
1350,불법,p u l p ʌ p,NNG,1396,0.008
1351,장,tɕ ɑ ŋ,NNG,1395,0.008
1352,수혜,sʰ u h jɛ,NNP,1394,0.008
1353,노릇,n o l ɯ t,NNG,1393,0.008
1354,영업,jʌ ŋ ʌ p,NNG,1392,0.008
1355,대개,t ɛ k ɛ,MAG,1391,0.008
1356,처녀,tɕʰ ʌ n jʌ,NNG,1389,0.008
1357,의문,ɰi m u n,NNG,1388,0.008
1358,극장,k ɯ k tɕ* ɑ ŋ,NNG,1388,0.008
1359,비디오,p i t i o,NNG,1387,0.008
1360,신용,sʰ i n jo ŋ,NNG,1386,0.008
1361,목숨,m o k s* u m,NNG,1386,0.008
1362,그리하여,k ɯ l i h ɑ jʌ,MAJ,1386,0.008
1363,온갖,o n k ɑ t,MM,1384,0.008
1364,정상,tɕ ʌ ŋ sʰ ɑ ŋ,NNG,1384,0.008
1365,화,h wa,NNG,1383,0.008
1366,식당,sʰ i k t* ɑ ŋ,NNG,1382,0.008
1367,올림픽,o l l i m pʰ i k,NNG,1380,0.008
1368,무릎,m u l ɯ p,NNG,1380,0.008
1369,철저,tɕʰ ʌ l tɕ ʌ,NNG,1379,0.008
1370,인력,i l l jʌ k,NNG,1378,0.008
1371,심지어,sʰ i m tɕ i ʌ,MAG,1376,0.008
1372,처지,tɕʰ ʌ tɕ i,NNG,1376,0.008
1373,동일,t o ŋ i l,NNG,1376,0.008
1374,감동,k ɑ m t o ŋ,NNG,1375,0.008
1375,의자,ɰi tɕ ɑ,NNG,1373,0.008
1376,결합,k jʌ l h ɑ p,NNG,1372,0.008
1377,흥미,h ɯ ŋ m i,NNG,1372,0.008
1378,비중,p i tɕ u ŋ,NNG,1372,0.008
1379,교실,k jo sʰ i l,NNG,1371,0.008
1380,등록,t ɯ ŋ n o k,NNG,1371,0.008
1381,어쨌든,ʌ tɕ* ɛ t t* ɯ n,MAG,1370,0.008
1382,자치,tɕ ɑ tɕʰ i,NNG,1369,0.008
1383,현,h jʌ n,MM,1369,0.008
1384,비율,p i ju l,NNG,1364,0.008
1385,에너지,ɛ n ʌ tɕ i,NNG,1364,0.008
1386,고생,k o sʰ ɛ ŋ,NNG,1363,0.008
1387,유엔,ju ɛ n,NNP,1363,0.008
1388,침묵,tɕʰ i m m u k,NNG,1358,0.008
1389,불만,p u l m ɑ n,NNG,1357,0.008
1390,어서,ʌ sʰ ʌ,MAG,1357,0.008
1391,아마도,ɑ m ɑ t o,MAG,1356,0.008
1392,너희,n ʌ h ɰi,NP,1356,0.008
1393,하여금,h ɑ jʌ k ɯ m,MAG,1354,0.008
1394,정서,tɕ ʌ ŋ sʰ ʌ,NNG,1354,0.008
1395,수도,sʰ u t o,NNG,1353,0.008
1396,지급,tɕ i k ɯ p,NNG,1353,0.008
1397,범위,p ʌ m wi,NNG,1347,0.008
1398,형편,h jʌ ŋ pʰ jʌ n,NNG,1347,0.008
1399,필자,pʰ i l tɕ ɑ,NNG,1347,0.008
1400,진리,tɕ i l l i,NNG,1346,0.008
1401,중단,tɕ u ŋ t ɑ n,NNG,1346,0.008
1402,민자당,m i n tɕ ɑ t ɑ ŋ,NNP,1341,0.008
1403,거듭,k ʌ t ɯ p,MAG,1341,0.008
1404,법률,p ʌ m n ju l,NNG,1341,0.008
1405,객관,k ɛ k k* wa n,NNG,1338,0.008
1406,공기,k o ŋ k i,NNG,1337,0.008
1407,소녀,sʰ o n jʌ,NNG,1336,0.008
1408,비리,p i l i,NNG,1336,0.008
1409,논문,n o n m u n,NNG,1335,0.008
1410,작성,tɕ ɑ k s* ʌ ŋ,NNG,1335,0.008
1411,고대,k o t ɛ,NNG,1333,0.008
1412,연출,jʌ n tɕʰ u l,NNG,1332,0.008
1413,기,k i,NNG,1331,0.008
1414,얼른,ʌ l l ɯ n,MAG,1331,0.008
1415,조화,tɕ o h wa,NNG,1331,0.008
1416,생존,sʰ ɛ ŋ tɕ o n,NNG,1330,0.008
1417,주가,tɕ u k ɑ,NNG,1329,0.008
1418,야당,ja t ɑ ŋ,NNG,1328,0.008
1419,교류,k jo l ju,NNG,1326,0.008
1420,주의,tɕ u ɰi,NNG,1326,0.008
1421,단순히,t ɑ n sʰ u n h i,MAG,1324,0.008
1422,여러분,jʌ l ʌ p u n,NP,1323,0.008
1423,시내,sʰ i n ɛ,NNG,1321,0.008
1424,미술,m i sʰ u l,NNG,1321,0.008
1425,반장,p ɑ n tɕ ɑ ŋ,NNG,1320,0.008
1426,고등학교,k o t ɯ ŋ h ɑ k k* jo,NNG,1319,0.008
1427,연락,jʌ l l ɑ k,NNG,1319,0.008
1428,신라,sʰ i l l ɑ,NNP,1318,0.008
1429,발언,p ɑ l ʌ n,NNG,1317,0.008
1430,재판,tɕ ɛ pʰ ɑ n,NNG,1315,0.008
1431,개정,k ɛ tɕ ʌ ŋ,NNG,1314,0.008
1432,동의,t o ŋ ɰi,NNG,1313,0.008
1433,확정,h wa k tɕ* ʌ ŋ,NNG,1313,0.008
1434,공포,k o ŋ pʰ o,NNG,1312,0.008
1435,규칙,k ju tɕʰ i k,NNG,1311,0.008
1436,대,t ɛ,NNB,1308,0.008
1437,계층,k jɛ tɕʰ ɯ ŋ,NNG,1307,0.008
1438,용기,jo ŋ k i,NNG,1306,0.008
1439,명령,m jʌ ŋ n jʌ ŋ,NNG,1304,0.008
1440,형제,h jʌ ŋ tɕ ɛ,NNG,1304,0.008
1441,동료,t o ŋ n jo,NNG,1303,0.008
1442,일치,i l tɕʰ i,NNG,1303,0.008
1443,기여,k i jʌ,NNG,1302,0.008
1444,교장,k jo tɕ ɑ ŋ,NNG,1301,0.008
1445,북,p u k,NNP,1297,0.008
1446,스님,sʰ ɯ n i m,NNG,1295,0.008
1447,틀,tʰ ɯ l,NNG,1295,0.008
1448,북쪽,p u k tɕ* o k,NNG,1294,0.008
1449,신뢰,sʰ i l l wɛ,NNG,1292,0.008
1450,평생,pʰ jʌ ŋ sʰ ɛ ŋ,NNG,1291,0.008
1451,유형,ju h jʌ ŋ,NNG,1290,0.008
1452,드라마,t ɯ l ɑ m ɑ,NNG,1290,0.008
1453,택시,tʰ ɛ k s* i,NNG,1290,0.008
1454,상,sʰ ɑ ŋ,NNG,1289,0.008
1455,부여,p u jʌ,NNG,1287,0.008
1456,인상,i n sʰ ɑ ŋ,NNG,1285,0.008
1457,쓰레기,s* ɯ l ɛ k i,NNG,1284,0.008
1458,대구,t ɛ k u,NNP,1282,0.008
1459,관객,k wa n k ɛ k,NNG,1281,0.008
1460,개최,k ɛ tɕʰ wɛ,NNG,1280,0.008
1461,표,pʰ jo,NNG,1279,0.008
1462,의회,ɰi h wɛ,NNG,1278,0.008
1463,신고,sʰ i n k o,NNG,1278,0.008
1464,근처,k ɯ n tɕʰ ʌ,NNG,1277,0.008
1465,상당히,sʰ ɑ ŋ t ɑ ŋ h i,MAG,1275,0.008
1466,변호사,p jʌ n h o sʰ ɑ,NNG,1275,0.008
1467,피부,pʰ i p u,NNG,1274,0.008
1468,인천,i n tɕʰ ʌ n,NNP,1273,0.008
1469,비극,p i k ɯ k,NNG,1272,0.008
1470,별,p jʌ l,MM,1272,0.008
1471,님,n i m,NNB,1271,0.008
1472,간부,k ɑ n p u,NNG,1270,0.008
1473,발휘,p ɑ l h wi,NNG,1270,0.008
1474,흙,h ɯ k,NNG,1269,0.008
1475,기쁨,k i p* ɯ m,NNG,1268,0.008
1476,수립,sʰ u l i p,NNG,1268,0.008
1477,자원,tɕ ɑ wʌ n,NNG,1267,0.008
1478,개입,k ɛ i p,NNG,1266,0.008
1479,신분,sʰ i n p u n,NNG,1266,0.008
1480,책상,tɕʰ ɛ k s* ɑ ŋ,NNG,1265,0.008
1481,환상,h wa n sʰ ɑ ŋ,NNG,1264,0.008
1482,서울대,sʰ ʌ u l t ɛ,NNP,1263,0.008
1483,이상,i sʰ ɑ ŋ,NNG,1263,0.008
1484,구축,k u tɕʰ u k,NNG,1263,0.008
1485,금리,k ɯ m n i,NNG,1261,0.008
1486,탄생,tʰ ɑ n sʰ ɛ ŋ,NNG,1261,0.008
1487,동양,t o ŋ ja ŋ,NNG,1261,0.008
1488,수요,sʰ u jo,NNG,1260,0.008
1489,교환,k jo h wa n,NNG,1258,0.008
1490,가방,k ɑ p ɑ ŋ,NNG,1258,0.008
1491,차라리,tɕʰ ɑ l ɑ l i,MAG,1258,0.008
1492,네,n ɛ,IC,1257,0.008
1493,촉구,tɕʰ o k k* u,NNG,1257,0.008
1494,제출,tɕ ɛ tɕʰ u l,NNG,1256,0.008
1495,전반,tɕ ʌ n p ɑ n,NNG,1255,0.008
1496,직,tɕ i k,NNG,1255,0.008
1497,달,t ɑ l,NNB,1253,0.008
1498,다음날,t ɑ ɯ m n ɑ l,NNG,1252,0.008
1499,신앙,sʰ i n ɑ ŋ,NNG,1252,0.008
1500,최종,tɕʰ wɛ tɕ o ŋ,NNG,1251,0.008
1501,연합,jʌ n h ɑ p,NNG,1250,0.008
1502,잠깐,tɕ ɑ m k* ɑ n,MAG,1250,0.008
1503,풍경,pʰ u ŋ k jʌ ŋ,NNG,1248,0.008
1504,접촉,tɕ ʌ p tɕʰ o k,NNG,1246,0.008
1505,밭,p ɑ t,NNG,1245,0.008
1506,이거,i k ʌ,NP,1245,0.008
1507,군대,k u n t ɛ,NNG,1245,0.008
1508,강제,k ɑ ŋ tɕ ɛ,NNG,1244,0.008
1509,그릇,k ɯ l ɯ t,NNG,1241,0.007
1510,분단,p u n t ɑ n,NNG,1240,0.007
1511,예전,jɛ tɕ ʌ n,NNG,1240,0.007
1512,만남,m ɑ n n ɑ m,NNG,1240,0.007
1513,부동산,p u t o ŋ sʰ ɑ n,NNG,1238,0.007
1514,사설,sʰ ɑ sʰ ʌ l,NNG,1235,0.007
1515,이,i,NNB,1233,0.007
1516,비행기,p i h ɛ ŋ k i,NNG,1233,0.007
1517,도전,t o tɕ ʌ n,NNG,1232,0.007
1518,관찰,k wa n tɕʰ ɑ l,NNG,1231,0.007
1519,사,sʰ ɑ,NNG,1231,0.007
1520,발행,p ɑ l h ɛ ŋ,NNG,1230,0.007
1521,총장,tɕʰ o ŋ tɕ ɑ ŋ,NNG,1229,0.007
1522,기획,k i h wɛ k,NNG,1226,0.007
1523,증권,tɕ ɯ ŋ k wʌ n,NNG,1226,0.007
1524,이성,i sʰ ʌ ŋ,NNG,1225,0.007
1525,제안,tɕ ɛ ɑ n,NNG,1225,0.007
1526,극,k ɯ k,NNG,1224,0.007
1527,대형,t ɛ h jʌ ŋ,NNG,1223,0.007
1528,온몸,o n m o m,NNG,1223,0.007
1529,유통,ju tʰ o ŋ,NNG,1222,0.007
1530,육체,ju k tɕʰ ɛ,NNG,1218,0.007
1531,침대,tɕʰ i m t ɛ,NNG,1218,0.007
1532,아주머니,ɑ tɕ u m ʌ n i,NNG,1216,0.007
1533,전기,tɕ ʌ n k i,NNG,1215,0.007
1534,아무래도,ɑ m u l ɛ t o,MAG,1215,0.007
1535,시간,sʰ i k ɑ n,NNB,1214,0.007
1536,본래,p o l l ɛ,NNG,1214,0.007
1537,셋째,sʰ ɛ t tɕ* ɛ,NR,1213,0.007
1538,남,n ɑ m,NNP,1213,0.007
1539,예리,jɛ l i,NNP,1213,0.007
1540,한때,h ɑ n t* ɛ,NNG,1212,0.007
1541,무덤,m u t ʌ m,NNG,1210,0.007
1542,누나,n u n ɑ,NNG,1209,0.007
1543,조상,tɕ o sʰ ɑ ŋ,NNG,1208,0.007
1544,단어,t ɑ n ʌ,NNG,1208,0.007
1545,언급,ʌ n k ɯ p,NNG,1205,0.007
1546,장사,tɕ ɑ ŋ sʰ ɑ,NNG,1204,0.007
1547,묘사,m jo sʰ ɑ,NNG,1204,0.007
1548,투명,tʰ u m jʌ ŋ,NNG,1201,0.007
1549,화면,h wa m jʌ n,NNG,1200,0.007
1550,짐승,tɕ i m sʰ ɯ ŋ,NNG,1197,0.007
1551,고급,k o k ɯ p,NNG,1197,0.007
1552,눈앞,n u n ɑ p,NNG,1196,0.007
1553,시,sʰ i,NNG,1195,0.007
1554,거짓말,k ʌ tɕ i n m ɑ l,NNG,1194,0.007
1555,어제,ʌ tɕ ɛ,NNG,1194,0.007
1556,세포,sʰ ɛ pʰ o,NNG,1193,0.007
1557,널리,n ʌ l l i,MAG,1193,0.007
1558,식물,sʰ i ŋ m u l,NNG,1193,0.007
1559,촬영,tɕʰ wa l jʌ ŋ,NNG,1191,0.007
1560,수익,sʰ u i k,NNG,1190,0.007
1561,추세,tɕʰ u sʰ ɛ,NNG,1189,0.007
1562,지위,tɕ i wi,NNG,1188,0.007
1563,상실,sʰ ɑ ŋ sʰ i l,NNG,1188,0.007
1564,압력,ɑ m n jʌ k,NNG,1186,0.007
1565,양식,ja ŋ sʰ i k,NNG,1182,0.007
1566,물가,m u l k ɑ,NNG,1181,0.007
1567,주,tɕ u,NNG,1180,0.007
1568,무기,m u k i,NNG,1179,0.007
1569,이래,i l ɛ,NNB,1178,0.007
1570,사전,sʰ ɑ tɕ ʌ n,NNG,1178,0.007
1571,공화국,k o ŋ h wa k u k,NNG,1178,0.007
1572,마주,m ɑ tɕ u,MAG,1177,0.007
1573,진짜,tɕ i n tɕ* ɑ,NNG,1176,0.007
1574,법칙,p ʌ p tɕʰ i k,NNG,1173,0.007
1575,살,sʰ ɑ l,NNG,1172,0.007
1576,시점,sʰ i tɕ ʌ m,NNG,1168,0.007
1577,대비,t ɛ p i,NNG,1167,0.007
1578,욕구,jo k k* u,NNG,1167,0.007
1579,판결,pʰ ɑ n k jʌ l,NNG,1164,0.007
1580,위반,wi p ɑ n,NNG,1163,0.007
1581,끊임없이,k* ɯ n h i m ʌ p s* i,MAG,1162,0.007
1582,분노,p u n n o,NNG,1162,0.007
1583,분류,p u l l ju,NNG,1162,0.007
1584,영상,jʌ ŋ sʰ ɑ ŋ,NNG,1162,0.007
1585,백성,p ɛ k s* ʌ ŋ,NNG,1160,0.007
1586,소재,sʰ o tɕ ɛ,NNG,1160,0.007
1587,부정,p u tɕ ʌ ŋ,NNG,1159,0.007
1588,짐,tɕ i m,NNG,1159,0.007
1589,제조,tɕ ɛ tɕ o,NNG,1159,0.007
1590,강의,k ɑ ŋ ɰi,NNG,1157,0.007
1591,노,n o,NNP,1157,0.007
1592,화학,h wa h ɑ k,NNG,1157,0.007
1593,길이,k i l i,NNG,1157,0.007
1594,물결,m u l k jʌ l,NNG,1156,0.007
1595,주먹,tɕ u m ʌ k,NNG,1151,0.007
1596,목사,m o k s* ɑ,NNG,1151,0.007
1597,방지,p ɑ ŋ tɕ i,NNG,1150,0.007
1598,흥분,h ɯ ŋ p u n,NNG,1148,0.007
1599,오,o,NNP,1147,0.007
1600,지혜,tɕ i h jɛ,NNG,1145,0.007
1601,명예,m jʌ ŋ jɛ,NNG,1144,0.007
1602,스포츠,sʰ ɯ pʰ o tɕʰ ɯ,NNG,1143,0.007
1603,출연,tɕʰ u l jʌ n,NNG,1142,0.007
1604,슬픔,sʰ ɯ l pʰ ɯ m,NNG,1142,0.007
1605,현지,h jʌ n tɕ i,NNG,1140,0.007
1606,실수,sʰ i l sʰ u,NNG,1138,0.007
1607,취급,tɕʰ wi k ɯ p,NNG,1138,0.007
1608,몫,m o k,NNG,1138,0.007
1609,서방,sʰ ʌ p ɑ ŋ,NNG,1137,0.007
1610,드디어,t ɯ t i ʌ,MAG,1137,0.007
1611,성립,sʰ ʌ ŋ n i p,NNG,1136,0.007
1612,입시,i p s* i,NNG,1135,0.007
1613,정체,tɕ ʌ ŋ tɕʰ ɛ,NNG,1134,0.007
1614,군,k u n,NNB,1133,0.007
1615,재료,tɕ ɛ l jo,NNG,1133,0.007
1616,독특,t o k tʰ ɯ k,NNG,1132,0.007
1617,병,p jʌ ŋ,NNG,1131,0.007
1618,봉사,p o ŋ sʰ ɑ,NNG,1130,0.007
1619,향상,h ja ŋ sʰ ɑ ŋ,NNG,1128,0.007
1620,색깔,sʰ ɛ k k* ɑ l,NNG,1128,0.007
1621,재미,tɕ ɛ m i,NNG,1128,0.007
1622,통치,tʰ o ŋ tɕʰ i,NNG,1127,0.007
1623,날씨,n ɑ l s* i,NNG,1127,0.007
1624,종,tɕ o ŋ,NNG,1125,0.007
1625,진단,tɕ i n t ɑ n,NNG,1125,0.007
1626,잡지,tɕ ɑ p tɕ* i,NNG,1123,0.007
1627,태양,tʰ ɛ ja ŋ,NNG,1123,0.007
1628,감시,k ɑ m sʰ i,NNG,1119,0.007
1629,지경,tɕ i k jʌ ŋ,NNB,1119,0.007
1630,센터,sʰ ɛ n tʰ ʌ,NNG,1117,0.007
1631,보고서,p o k o sʰ ʌ,NNG,1117,0.007
1632,도구,t o k u,NNG,1116,0.007
1633,한두,h ɑ n t u,MM,1116,0.007
1634,새삼,sʰ ɛ sʰ ɑ m,MAG,1115,0.007
1635,연대,jʌ n t ɛ,NNG,1114,0.007
1636,가량,k ɑ l ja ŋ,NNG,1113,0.007
1637,점심,tɕ ʌ m sʰ i m,NNG,1113,0.007
1638,되풀이,t wɛ pʰ u l i,NNG,1112,0.007
1639,조약,tɕ o ja k,NNG,1112,0.007
1640,투표,tʰ u pʰ jo,NNG,1111,0.007
1641,맨,m ɛ n,MM,1109,0.007
1642,심정,sʰ i m tɕ ʌ ŋ,NNG,1107,0.007
1643,억압,ʌ k ɑ p,NNG,1107,0.007
1644,시계,sʰ i k jɛ,NNG,1106,0.007
1645,그림자,k ɯ l i m tɕ ɑ,NNG,1106,0.007
1646,한숨,h ɑ n sʰ u m,NNG,1105,0.007
1647,선진국,sʰ ʌ n tɕ i n k u k,NNG,1105,0.007
1648,세금,sʰ ɛ k ɯ m,NNG,1102,0.007
1649,집행,tɕ i pʰ ɛ ŋ,NNG,1100,0.007
1650,절반,tɕ ʌ l p ɑ n,NNG,1098,0.007
1651,응,ɯ ŋ,IC,1097,0.007
1652,협회,h jʌ pʰ wɛ,NNG,1096,0.007
1653,관료,k wa l l jo,NNG,1096,0.007
1654,숫자,sʰ u t tɕ* ɑ,NNG,1096,0.007
1655,대,t ɛ,NNG,1095,0.007
1656,활성,h wa l sʰ ʌ ŋ,NNG,1095,0.007
1657,부엌,p u ʌ k,NNG,1094,0.007
1658,로마,l o m ɑ,NNP,1093,0.007
1659,간,k ɑ n,NNB,1093,0.007
1660,도,t o,NNB,1093,0.007
1661,습관,sʰ ɯ p k* wa n,NNG,1092,0.007
1662,자살,tɕ ɑ sʰ ɑ l,NNG,1092,0.007
1663,희생,h ɰi sʰ ɛ ŋ,NNG,1090,0.007
1664,화장실,h wa tɕ ɑ ŋ sʰ i l,NNG,1090,0.007
1665,부패,p u pʰ ɛ,NNG,1089,0.007
1666,당연히,t ɑ ŋ jʌ n h i,MAG,1089,0.007
1667,구석,k u sʰ ʌ k,NNG,1088,0.007
1668,일본인,i l p o n i n,NNG,1088,0.007
1669,끝내,k* ɯ n n ɛ,MAG,1087,0.007
1670,마침,m ɑ tɕʰ i m,MAG,1086,0.007
1671,실질,sʰ i l tɕ i l,NNG,1084,0.007
1672,장,tɕ ɑ ŋ,NNP,1084,0.007
1673,가구,k ɑ k u,NNG,1084,0.007
1674,완화,wa n h wa,NNG,1083,0.007
1675,아픔,ɑ pʰ ɯ m,NNG,1082,0.007
1676,생태,sʰ ɛ ŋ tʰ ɛ,NNG,1082,0.007
1677,임시,i m sʰ i,NNG,1080,0.007
1678,입학,i pʰ ɑ k,NNG,1079,0.007
1679,협정,h jʌ p tɕ* ʌ ŋ,NNG,1079,0.007
1680,신체,sʰ i n tɕʰ ɛ,NNG,1079,0.007
1681,경기도,k jʌ ŋ k i t o,NNP,1079,0.007
1682,번역,p ʌ n jʌ k,NNG,1079,0.007
1683,공업,k o ŋ ʌ p,NNG,1078,0.007
1684,백화점,p ɛ kʰ wa tɕ ʌ m,NNG,1078,0.007
1685,심장,sʰ i m tɕ ɑ ŋ,NNG,1078,0.007
1686,어느새,ʌ n ɯ sʰ ɛ,MAG,1077,0.007
1687,알,ɑ l,NNG,1077,0.007
1688,소위,sʰ o wi,MAG,1077,0.007
1689,사망,sʰ ɑ m ɑ ŋ,NNG,1076,0.006
1690,축소,tɕʰ u k s* o,NNG,1074,0.006
1691,골목,k o l m o k,NNG,1074,0.006
1692,양상,ja ŋ sʰ ɑ ŋ,NNG,1073,0.006
1693,진술,tɕ i n sʰ u l,NNG,1071,0.006
1694,눈빛,n u n p i t,NNG,1069,0.006
1695,경기,k jʌ ŋ k i,NNG,1065,0.006
1696,굳이,k u tɕ i,MAG,1065,0.006
1697,무리,m u l i,NNG,1065,0.006
1698,허가,h ʌ k ɑ,NNG,1064,0.006
1699,개편,k ɛ pʰ jʌ n,NNG,1064,0.006
1700,예수,jɛ sʰ u,NNP,1064,0.006
1701,요리,jo l i,NNG,1061,0.006
1702,잎,i p,NNG,1060,0.006
1703,불빛,p u l p i t,NNG,1060,0.006
1704,상식,sʰ ɑ ŋ sʰ i k,NNG,1060,0.006
1705,조,tɕ o,NNP,1056,0.006
1706,실정,sʰ i l tɕ ʌ ŋ,NNG,1056,0.006
1707,지,tɕ i,NNG,1055,0.006
1708,파견,pʰ ɑ k jʌ n,NNG,1053,0.006
1709,행사,h ɛ ŋ sʰ ɑ,NNG,1053,0.006
1710,대목,t ɛ m o k,NNG,1052,0.006
1711,상대방,sʰ ɑ ŋ t ɛ p ɑ ŋ,NNG,1051,0.006
1712,연기,jʌ n k i,NNG,1051,0.006
1713,차량,tɕʰ ɑ l ja ŋ,NNG,1051,0.006
1714,작정,tɕ ɑ k tɕ* ʌ ŋ,NNG,1050,0.006
1715,한나라당,h ɑ n n ɑ l ɑ t ɑ ŋ,NNP,1049,0.006
1716,의장,ɰi tɕ ɑ ŋ,NNG,1048,0.006
1717,정착,tɕ ʌ ŋ tɕʰ ɑ k,NNG,1048,0.006
1718,논쟁,n o n tɕ ɛ ŋ,NNG,1047,0.006
1719,연속,jʌ n sʰ o k,NNG,1047,0.006
1720,물음,m u l ɯ m,NNG,1046,0.006
1721,강요,k ɑ ŋ jo,NNG,1046,0.006
1722,창,tɕʰ ɑ ŋ,NNG,1045,0.006
1723,주문,tɕ u m u n,NNG,1043,0.006
1724,바위,p ɑ wi,NNG,1042,0.006
1725,헌법,h ʌ n p ʌ p,NNG,1040,0.006
1726,추정,tɕʰ u tɕ ʌ ŋ,NNG,1040,0.006
1727,신비,sʰ i n p i,NNG,1037,0.006
1728,조작,tɕ o tɕ ɑ k,NNG,1037,0.006
1729,정의,tɕ ʌ ŋ ɰi,NNG,1037,0.006
1730,자격,tɕ ɑ k jʌ k,NNG,1036,0.006
1731,자,tɕ ɑ,IC,1035,0.006
1732,조합,tɕ o h ɑ p,NNG,1035,0.006
1733,반발,p ɑ n p ɑ l,NNG,1035,0.006
1734,체결,tɕʰ ɛ k jʌ l,NNG,1033,0.006
1735,형기,h jʌ ŋ k i,NNP,1032,0.006
1736,최소한,tɕʰ wɛ sʰ o h ɑ n,NNG,1032,0.006
1737,정,tɕ ʌ ŋ,NNG,1030,0.006
1738,근로자,k ɯ l l o tɕ ɑ,NNG,1030,0.006
1739,권위,k wʌ n wi,NNG,1030,0.006
1740,질환,tɕ i l h wa n,NNG,1029,0.006
1741,온통,o n tʰ o ŋ,MAG,1028,0.006
1742,완벽,wa n p jʌ k,NNG,1027,0.006
1743,벌레,p ʌ l l ɛ,NNG,1024,0.006
1744,평양,pʰ jʌ ŋ ja ŋ,NNP,1024,0.006
1745,마무리,m ɑ m u l i,NNG,1024,0.006
1746,성질,sʰ ʌ ŋ tɕ i l,NNG,1023,0.006
1747,채택,tɕʰ ɛ tʰ ɛ k,NNG,1022,0.006
1748,막,m ɑ k,MAG,1022,0.006
1749,증상,tɕ ɯ ŋ sʰ ɑ ŋ,NNG,1021,0.006
1750,동기,t o ŋ k i,NNG,1021,0.006
1751,제국주의,tɕ ɛ k u k tɕ* u ɰi,NNG,1018,0.006
1752,덜,t ʌ l,MAG,1017,0.006
1753,취재,tɕʰ wi tɕ ɛ,NNG,1016,0.006
1754,연방,jʌ n p ɑ ŋ,NNG,1015,0.006
1755,인권,i n k wʌ n,NNG,1015,0.006
1756,계단,k jɛ t ɑ n,NNG,1015,0.006
1757,달러,t ɑ l l ʌ,NNG,1014,0.006
1758,항의,h ɑ ŋ ɰi,NNG,1014,0.006
1759,관광,k wa n k wa ŋ,NNG,1014,0.006
1760,잔뜩,tɕ ɑ n t* ɯ k,MAG,1014,0.006
1761,제정,tɕ ɛ tɕ ʌ ŋ,NNG,1013,0.006
1762,해소,h ɛ sʰ o,NNG,1013,0.006
1763,진보,tɕ i n p o,NNG,1012,0.006
1764,창문,tɕʰ ɑ ŋ m u n,NNG,1011,0.006
1765,장식,tɕ ɑ ŋ sʰ i k,NNG,1011,0.006
1766,척,tɕʰ ʌ k,NNB,1011,0.006
1767,믿음,m i t ɯ m,NNG,1011,0.006
1768,니,n i,NP,1011,0.006
1769,위주,wi tɕ u,NNG,1011,0.006
1770,남한,n ɑ m h ɑ n,NNP,1010,0.006
1771,맥주,m ɛ k tɕ* u,NNG,1009,0.006
1772,바깥,p ɑ k* ɑ t,NNG,1009,0.006
1773,서술,sʰ ʌ sʰ u l,NNG,1009,0.006
1774,기독교,k i t o k k* jo,NNG,1006,0.006
1775,총재,tɕʰ o ŋ tɕ ɛ,NNG,1006,0.006
1776,식량,sʰ i ŋ n ja ŋ,NNG,1006,0.006
1777,축제,tɕʰ u k tɕ* ɛ,NNG,1005,0.006
1778,한동안,h ɑ n t o ŋ ɑ n,NNG,1005,0.006
1779,군인,k u n i n,NNG,1005,0.006
1780,지섭,tɕ i sʰ ʌ p,NNP,1004,0.006
1781,상업,sʰ ɑ ŋ ʌ p,NNG,1004,0.006
1782,예외,jɛ wɛ,NNG,1003,0.006
1783,논란,n o l l ɑ n,NNG,1002,0.006
1784,주머니,tɕ u m ʌ n i,NNG,1002,0.006
1785,배치,p ɛ tɕʰ i,NNG,1001,0.006
1786,공통,k o ŋ tʰ o ŋ,NNG,1000,0.006
1787,삼,sʰ ɑ m,NR,998,0.006
1788,예측,jɛ tɕʰ ɯ k,NNG,998,0.006
1789,심사,sʰ i m sʰ ɑ,NNG,998,0.006
1790,개별,k ɛ p jʌ l,NNG,997,0.006
1791,제거,tɕ ɛ k ʌ,NNG,997,0.006
1792,지정,tɕ i tɕ ʌ ŋ,NNG,996,0.006
1793,고위,k o wi,NNG,996,0.006
1794,처벌,tɕʰ ʌ p ʌ l,NNG,996,0.006
1795,여기저기,jʌ k i tɕ ʌ k i,NNG,995,0.006
1796,연관,jʌ n k wa n,NNG,995,0.006
1797,순서,sʰ u n sʰ ʌ,NNG,995,0.006
1798,확장,h wa k tɕ* ɑ ŋ,NNG,995,0.006
1799,입구,i p k* u,NNG,994,0.006
1800,김대중,k i m t ɛ tɕ u ŋ,NNP,994,0.006
1801,흔적,h ɯ n tɕ ʌ k,NNG,993,0.006
1802,조용히,tɕ o jo ŋ h i,MAG,993,0.006
1803,고집,k o tɕ i p,NNG,992,0.006
1804,공원,k o ŋ wʌ n,NNG,992,0.006
1805,만화,m ɑ n h wa,NNG,992,0.006
1806,작전,tɕ ɑ k tɕ* ʌ n,NNG,992,0.006
1807,감사,k ɑ m sʰ ɑ,NNG,991,0.006
1808,정면,tɕ ʌ ŋ m jʌ n,NNG,991,0.006
1809,아나운서,ɑ n ɑ u n sʰ ʌ,NNG,991,0.006
1810,베트남,p ɛ tʰ ɯ n ɑ m,NNP,988,0.006
1811,이어,i ʌ,MAG,987,0.006
1812,학원,h ɑ k wʌ n,NNG,987,0.006
1813,감사,k ɑ m sʰ ɑ,NNG,986,0.006
1814,울음,u l ɯ m,NNG,985,0.006
1815,일관,i l k wa n,NNG,985,0.006
1816,유도,ju t o,NNG,984,0.006
1817,회견,h wɛ k jʌ n,NNG,984,0.006
1818,우선,u sʰ ʌ n,NNG,984,0.006
1819,일방,i l p ɑ ŋ,NNG,983,0.006
1820,과천,k wa tɕʰ ʌ n,NNP,983,0.006
1821,김영삼,k i m jʌ ŋ sʰ ɑ m,NNP,983,0.006
1822,기도,k i t o,NNG,982,0.006
1823,해체,h ɛ tɕʰ ɛ,NNG,981,0.006
1824,다행,t ɑ h ɛ ŋ,NNG,980,0.006
1825,다짐,t ɑ tɕ i m,NNG,979,0.006
1826,절망,tɕ ʌ l m ɑ ŋ,NNG,978,0.006
1827,귀신,k wi sʰ i n,NNG,977,0.006
1828,뉴욕,n ju jo k,NNP,976,0.006
1829,이마,i m ɑ,NNG,976,0.006
1830,왼쪽,wɛ n tɕ* o k,NNG,975,0.006
1831,도저히,t o tɕ ʌ h i,MAG,974,0.006
1832,구름,k u l ɯ m,NNG,974,0.006
1833,유행,ju h ɛ ŋ,NNG,974,0.006
1834,지하,tɕ i h ɑ,NNG,973,0.006
1835,토대,tʰ o t ɛ,NNG,973,0.006
1836,연상,jʌ n sʰ ɑ ŋ,NNG,972,0.006
1837,협의,h jʌ p ɰi,NNG,972,0.006
1838,겁,k ʌ p,NNG,971,0.006
1839,아울러,ɑ u l l ʌ,MAG,970,0.006
1840,직후,tɕ i kʰ u,NNG,969,0.006
1841,초래,tɕʰ o l ɛ,NNG,968,0.006
1842,뻔,p* ʌ n,NNB,967,0.006
1843,대단히,t ɛ t ɑ n h i,MAG,967,0.006
1844,사원,sʰ ɑ wʌ n,NNG,965,0.006
1845,홍보,h o ŋ p o,NNG,965,0.006
1846,외면,wɛ m jʌ n,NNG,963,0.006
1847,살인,sʰ ɑ l i n,NNG,963,0.006
1848,배제,p ɛ tɕ ɛ,NNG,962,0.006
1849,뼈,p* jʌ,NNG,962,0.006
1850,이틀,i tʰ ɯ l,NNG,962,0.006
1851,연습,jʌ n sʰ ɯ p,NNG,961,0.006
1852,아비,ɑ p i,NNG,961,0.006
1853,후반,h u p ɑ n,NNG,961,0.006
1854,식민,sʰ i ŋ m i n,NNG,961,0.006
1855,한꺼번에,h ɑ n k* ʌ p ʌ n ɛ,MAG,960,0.006
1856,결심,k jʌ l sʰ i m,NNG,959,0.006
1857,교과서,k jo k wa sʰ ʌ,NNG,958,0.006
1858,판,pʰ ɑ n,NNB,958,0.006
1859,조절,tɕ o tɕ ʌ l,NNG,957,0.006
1860,내내,n ɛ n ɛ,MAG,957,0.006
1861,전면,tɕ ʌ n m jʌ n,NNG,956,0.006
1862,영원,jʌ ŋ wʌ n,NNG,956,0.006
1863,우수,u sʰ u,NNG,955,0.006
1864,반성,p ɑ n sʰ ʌ ŋ,NNG,955,0.006
1865,답,t ɑ p,NNG,955,0.006
1866,임명,i m m jʌ ŋ,NNG,954,0.006
1867,농산물,n o ŋ sʰ ɑ n m u l,NNG,954,0.006
1868,유학,ju h ɑ k,NNG,954,0.006
1869,검사,k ʌ m sʰ ɑ,NNG,953,0.006
1870,부인,p u i n,NNG,953,0.006
1871,여섯,jʌ sʰ ʌ t,NR,953,0.006
1872,돼지,t wɛ tɕ i,NNG,952,0.006
1873,아가씨,ɑ k ɑ s* i,NNG,952,0.006
1874,중학교,tɕ u ŋ h ɑ k k* jo,NNG,952,0.006
1875,본부,p o n p u,NNG,952,0.006
1876,차,tɕʰ ɑ,NNG,951,0.006
1877,여건,jʌ k ʌ n,NNG,950,0.006
1878,의학,ɰi h ɑ k,NNG,950,0.006
1879,야,ja,IC,950,0.006
1880,거절,k ʌ tɕ ʌ l,NNG,949,0.006
1881,가스,k ɑ sʰ ɯ,NNG,948,0.006
1882,라디오,l ɑ t i o,NNG,948,0.006
1883,스타,sʰ ɯ tʰ ɑ,NNG,947,0.006
1884,감안,k ɑ m ɑ n,NNG,946,0.006
1885,초점,tɕʰ o tɕ ʌ m,NNG,946,0.006
1886,첨단,tɕʰ ʌ m t ɑ n,NNG,946,0.006
1887,모색,m o sʰ ɛ k,NNG,946,0.006
1888,인수,i n sʰ u,NNG,945,0.006
1889,꼬리,k* o l i,NNG,945,0.006
1890,대문,t ɛ m u n,NNG,944,0.006
1891,향기,h ja ŋ k i,NNG,943,0.006
1892,영감,jʌ ŋ k ɑ m,NNG,943,0.006
1893,자동,tɕ ɑ t o ŋ,NNG,943,0.006
1894,하나님,h ɑ n ɑ n i m,NNG,941,0.006
1895,저희,tɕ ʌ h ɰi,NP,940,0.006
1896,충돌,tɕʰ u ŋ t o l,NNG,940,0.006
1897,표,pʰ jo,NNG,939,0.006
1898,임신,i m sʰ i n,NNG,938,0.006
1899,근원,k ɯ n wʌ n,NNG,938,0.006
1900,예,jɛ,IC,938,0.006
1901,상상력,sʰ ɑ ŋ sʰ ɑ ŋ n jʌ k,NNG,936,0.006
1902,보유,p o ju,NNG,934,0.006
1903,연기,jʌ n k i,NNG,934,0.006
1904,글쎄,k ɯ l s* ɛ,IC,934,0.006
1905,악화,ɑ kʰ wa,NNG,934,0.006
1906,기차,k i tɕʰ ɑ,NNG,933,0.006
1907,가령,k ɑ l jʌ ŋ,MAG,933,0.006
1908,지붕,tɕ i p u ŋ,NNG,931,0.006
1909,거울,k ʌ u l,NNG,931,0.006
1910,유사,ju sʰ ɑ,NNG,931,0.006
1911,매력,m ɛ l jʌ k,NNG,931,0.006
1912,폐지,pʰ jɛ tɕ i,NNG,931,0.006
1913,과장,k wa tɕ ɑ ŋ,NNG,930,0.006
1914,방학,p ɑ ŋ h ɑ k,NNG,929,0.006
1915,소금,sʰ o k ɯ m,NNG,929,0.006
1916,내지,n ɛ tɕ i,MAG,929,0.006
1917,경고,k jʌ ŋ k o,NNG,927,0.006
1918,정치인,tɕ ʌ ŋ tɕʰ i i n,NNG,927,0.006
1919,그나마,k ɯ n ɑ m ɑ,MAG,927,0.006
1920,부근,p u k ɯ n,NNG,926,0.006
1921,그야말로,k ɯ ja m ɑ l l o,MAG,925,0.006
1922,실명,sʰ i l m jʌ ŋ,NNG,925,0.006
1923,지대,tɕ i t ɛ,NNG,925,0.006
1924,곳곳,k o t k* o t,NNG,924,0.006
1925,높이,n o pʰ i,NNG,923,0.006
1926,글자,k ɯ l tɕ ɑ,NNG,923,0.006
1927,수십,sʰ u sʰ i p,NR,923,0.006
1928,예방,jɛ p ɑ ŋ,NNG,923,0.006
1929,조,tɕ o,NNB,922,0.006
1930,적응,tɕ ʌ k ɯ ŋ,NNG,922,0.006
1931,양,ja ŋ,NNB,922,0.006
1932,수학,sʰ u h ɑ k,NNG,921,0.006
1933,저자,tɕ ʌ tɕ ɑ,NNG,921,0.006
1934,예금,jɛ k ɯ m,NNG,920,0.006
1935,치열,tɕʰ i jʌ l,NNG,919,0.006
1936,억제,ʌ k tɕ* ɛ,NNG,919,0.006
1937,그토록,k ɯ tʰ o l o k,MAG,918,0.006
1938,확신,h wa k s* i n,NNG,918,0.006
1939,절대로,tɕ ʌ l t ɛ l o,MAG,917,0.006
1940,여당,jʌ t ɑ ŋ,NNG,917,0.006
1941,투입,tʰ u i p,NNG,917,0.006
1942,일대,i l t ɛ,NNG,916,0.006
1943,너머,n ʌ m ʌ,NNG,916,0.006
1944,촉진,tɕʰ o k tɕ* i n,NNG,915,0.006
1945,자전거,tɕ ɑ tɕ ʌ n k ʌ,NNG,915,0.006
1946,왜곡,wɛ k o k,NNG,914,0.006
1947,수필,sʰ u pʰ i l,NNG,914,0.006
1948,양쪽,ja ŋ tɕ* o k,NNG,914,0.006
1949,법인,p ʌ p i n,NNG,914,0.006
1950,쯤,tɕ* ɯ m,NNG,913,0.006
1951,기운,k i u n,NNG,913,0.006
1952,계절,k jɛ tɕ ʌ l,NNG,912,0.006
1953,고정,k o tɕ ʌ ŋ,NNG,911,0.005
1954,대처,t ɛ tɕʰ ʌ,NNG,911,0.005
1955,자세히,tɕ ɑ sʰ ɛ h i,MAG,909,0.005
1956,아프리카,ɑ pʰ ɯ l i kʰ ɑ,NNP,909,0.005
1957,빵,p* ɑ ŋ,NNG,908,0.005
1958,떡,t* ʌ k,NNG,908,0.005
1959,더욱이,t ʌ u k i,MAG,908,0.005
1960,중세,tɕ u ŋ sʰ ɛ,NNG,907,0.005
1961,커뮤니케이션,kʰ ʌ m ju n i kʰ ɛ i sʰ jʌ n,NNG,907,0.005
1962,개성,k ɛ sʰ ʌ ŋ,NNG,907,0.005
1963,적자,tɕ ʌ k tɕ* ɑ,NNG,906,0.005
1964,상자,sʰ ɑ ŋ tɕ ɑ,NNG,905,0.005
1965,적,tɕ ʌ k,NNG,905,0.005
1966,설득,sʰ ʌ l t ɯ k,NNG,905,0.005
1967,이사,i sʰ ɑ,NNG,904,0.005
1968,하락,h ɑ l ɑ k,NNG,904,0.005
1969,확립,h wa ŋ n i p,NNG,904,0.005
1970,서류,sʰ ʌ l ju,NNG,904,0.005
1971,국어,k u k ʌ,NNG,904,0.005
1972,부대,p u t ɛ,NNG,904,0.005
1973,수입,sʰ u i p,NNG,904,0.005
1974,고유,k o ju,NNG,902,0.005
1975,예컨대,jɛ kʰ ʌ n t ɛ,MAG,902,0.005
1976,통증,tʰ o ŋ tɕ ɯ ŋ,NNG,902,0.005
1977,열,jʌ l,NNG,902,0.005
1978,국민학교,k u ŋ m i n h ɑ k k* jo,NNG,901,0.005
1979,귀국,k wi k u k,NNG,901,0.005
1980,공익,k o ŋ i k,NNG,900,0.005
1981,양,ja ŋ,MM,900,0.005
1982,설계,sʰ ʌ l k jɛ,NNG,900,0.005
1983,붕괴,p u ŋ k wɛ,NNG,899,0.005
1984,표시,pʰ jo sʰ i,NNG,899,0.005
1985,인민,i n m i n,NNG,899,0.005
1986,가수,k ɑ sʰ u,NNG,898,0.005
1987,석유,sʰ ʌ k ju,NNG,898,0.005
1988,편,pʰ jʌ n,NNG,898,0.005
1989,대만,t ɛ m ɑ n,NNP,897,0.005
1990,조각,tɕ o k ɑ k,NNG,897,0.005
1991,간접,k ɑ n tɕ ʌ p,NNG,897,0.005
1992,호소,h o sʰ o,NNG,897,0.005
1993,보수,p o sʰ u,NNG,895,0.005
1994,아무개,ɑ m u k ɛ,NP,895,0.005
1995,프로,pʰ ɯ l o,NNG,895,0.005
1996,정기,tɕ ʌ ŋ k i,NNG,894,0.005
1997,증명,tɕ ɯ ŋ m jʌ ŋ,NNG,893,0.005
1998,또다시,t* o t ɑ sʰ i,MAG,893,0.005
1999,혀,h jʌ,NNG,892,0.005
2000,관행,k wa n h ɛ ŋ,NNG,892,0.005
2001,강,k ɑ ŋ,NNP,892,0.005
2002,도달,t o t ɑ l,NNG,890,0.005
2003,제법,tɕ ɛ p ʌ p,MAG,889,0.005
2004,장군,tɕ ɑ ŋ k u n,NNG,888,0.005
2005,청소,tɕʰ ʌ ŋ sʰ o,NNG,888,0.005
2006,과일,k wa i l,NNG,887,0.005
2007,영향력,jʌ ŋ h ja ŋ n jʌ k,NNG,886,0.005
2008,오늘,o n ɯ l,MAG,886,0.005
2009,대선,t ɛ sʰ ʌ n,NNG,886,0.005
2010,기타,k i tʰ ɑ,NNG,886,0.005
2011,표시,pʰ jo sʰ i,NNG,886,0.005
2012,우유,u ju,NNG,885,0.005
2013,고교,k o k jo,NNG,884,0.005
2014,소프트웨어,sʰ o pʰ ɯ tʰ ɯ wɛ ʌ,NNG,882,0.005
2015,내면,n ɛ m jʌ n,NNG,882,0.005
2016,초,tɕʰ o,NNB,881,0.005
2017,문서,m u n sʰ ʌ,NNG,881,0.005
2018,윤,ju n,NNP,881,0.005
2019,인연,i n jʌ n,NNG,880,0.005
2020,구역,k u jʌ k,NNG,880,0.005
2021,화제,h wa tɕ ɛ,NNG,880,0.005
2022,귀족,k wi tɕ o k,NNG,880,0.005
2023,노선,n o sʰ ʌ n,NNG,880,0.005
2024,신부,sʰ i n p u,NNG,879,0.005
2025,한정,h ɑ n tɕ ʌ ŋ,NNG,878,0.005
2026,김치,k i m tɕʰ i,NNG,877,0.005
2027,소외,sʰ o wɛ,NNG,877,0.005
2028,날개,n ɑ l k ɛ,NNG,877,0.005
2029,분쟁,p u n tɕ ɛ ŋ,NNG,875,0.005
2030,업계,ʌ p k* jɛ,NNG,875,0.005
2031,실장,sʰ i l tɕ ɑ ŋ,NNG,875,0.005
2032,겉,k ʌ t,NNG,874,0.005
2033,혁신,h jʌ k s* i n,NNG,873,0.005
2034,떼,t* ɛ,NNG,872,0.005
2035,손바닥,sʰ o n p ɑ t ɑ k,NNG,872,0.005
2036,대량,t ɛ l ja ŋ,NNG,872,0.005
2037,파업,pʰ ɑ ʌ p,NNG,871,0.005
2038,전투,tɕ ʌ n tʰ u,NNG,871,0.005
2039,창작,tɕʰ ɑ ŋ tɕ ɑ k,NNG,871,0.005
2040,필수,pʰ i l sʰ u,NNG,870,0.005
2041,동포,t o ŋ pʰ o,NNG,870,0.005
2042,정확히,tɕ ʌ ŋ h wa kʰ i,MAG,870,0.005
2043,안내,ɑ n n ɛ,NNG,869,0.005
2044,음성,ɯ m sʰ ʌ ŋ,NNG,868,0.005
2045,국정,k u k tɕ* ʌ ŋ,NNG,868,0.005
2046,방해,p ɑ ŋ h ɛ,NNG,868,0.005
2047,편집,pʰ jʌ n tɕ i p,NNG,868,0.005
2048,제의,tɕ ɛ ɰi,NNG,868,0.005
2049,독점,t o k tɕ* ʌ m,NNG,868,0.005
2050,몰래,m o l l ɛ,MAG,867,0.005
2051,전부,tɕ ʌ n p u,NNG,867,0.005
2052,마구,m ɑ k u,MAG,867,0.005
2053,노예,n o jɛ,NNG,866,0.005
2054,이놈,i n o m,NP,865,0.005
2055,무게,m u k ɛ,NNG,865,0.005
2056,정말로,tɕ ʌ ŋ m ɑ l l o,MAG,863,0.005
2057,지하철,tɕ i h ɑ tɕʰ ʌ l,NNG,863,0.005
2058,독재,t o k tɕ* ɛ,NNG,863,0.005
2059,시리즈,sʰ i l i tɕ ɯ,NNG,863,0.005
2060,대결,t ɛ k jʌ l,NNG,862,0.005
2061,변동,p jʌ n t o ŋ,NNG,861,0.005
2062,주일,tɕ u i l,NNB,861,0.005
2063,단속,t ɑ n sʰ o k,NNG,860,0.005
2064,칭찬,tɕʰ i ŋ tɕʰ ɑ n,NNG,860,0.005
2065,양반,ja ŋ p ɑ n,NNG,859,0.005
2066,선비,sʰ ʌ n p i,NNP,859,0.005
2067,기금,k i k ɯ m,NNG,859,0.005
2068,퍼센트,pʰ ʌ sʰ ɛ n tʰ ɯ,NNB,855,0.005
2069,당황,t ɑ ŋ h wa ŋ,NNG,855,0.005
2070,보통,p o tʰ o ŋ,MAG,855,0.005
2071,참,tɕʰ ɑ m,NNG,854,0.005
2072,일정,i l tɕ ʌ ŋ,NNG,854,0.005
2073,영리,jʌ ŋ n i,NNG,853,0.005
2074,각국,k ɑ k k* u k,NNG,853,0.005
2075,중소기업,tɕ u ŋ sʰ o k i ʌ p,NNG,852,0.005
2076,집권,tɕ i p k* wʌ n,NNG,852,0.005
2077,이탈리아,i tʰ ɑ l l i ɑ,NNP,851,0.005
2078,절,tɕ ʌ l,NNG,851,0.005
2079,몇몇,m jʌ n m jʌ t,MM,851,0.005
2080,질병,tɕ i l p jʌ ŋ,NNG,851,0.005
2081,살림,sʰ ɑ l l i m,NNG,850,0.005
2082,연장,jʌ n tɕ ɑ ŋ,NNG,850,0.005
2083,철저히,tɕʰ ʌ l tɕ ʌ h i,MAG,850,0.005
2084,권한,k wʌ n h ɑ n,NNG,850,0.005
2085,문자,m u n tɕ ɑ,NNG,848,0.005
2086,술집,sʰ u l tɕ i p,NNG,847,0.005
2087,풀,pʰ u l,NNG,847,0.005
2088,운용,u n jo ŋ,NNG,846,0.005
2089,카메라,kʰ ɑ m ɛ l ɑ,NNG,846,0.005
2090,용서,jo ŋ sʰ ʌ,NNG,845,0.005
2091,추억,tɕʰ u ʌ k,NNG,845,0.005
2092,뇌,n wɛ,NNG,845,0.005
2093,일시,i l sʰ i,NNG,844,0.005
2094,부처,p u tɕʰ ʌ,NNP,844,0.005
2095,손해,sʰ o n h ɛ,NNG,844,0.005
2096,안보,ɑ n p o,NNG,843,0.005
2097,규범,k ju p ʌ m,NNG,842,0.005
2098,승용차,sʰ ɯ ŋ jo ŋ tɕʰ ɑ,NNG,842,0.005
2099,양국,ja ŋ k u k,NNG,841,0.005
2100,한글,h ɑ n k ɯ l,NNG,841,0.005
2101,광장,k wa ŋ tɕ ɑ ŋ,NNG,840,0.005
2102,기름,k i l ɯ m,NNG,839,0.005
2103,구두,k u t u,NNG,839,0.005
2104,그다지,k ɯ t ɑ tɕ i,MAG,839,0.005
2105,생물,sʰ ɛ ŋ m u l,NNG,838,0.005
2106,다수,t ɑ sʰ u,NNG,836,0.005
2107,고전,k o tɕ ʌ n,NNG,836,0.005
2108,협의회,h jʌ p ɰi h wɛ,NNG,836,0.005
2109,다리,t ɑ l i,NNG,836,0.005
2110,당초,t ɑ ŋ tɕʰ o,NNG,835,0.005
2111,욕심,jo k s* i m,NNG,835,0.005
2112,여학생,jʌ h ɑ k s* ɛ ŋ,NNG,835,0.005
2113,전날,tɕ ʌ n n ɑ l,NNG,834,0.005
2114,무조건,m u tɕ o k ʌ n,MAG,833,0.005
2115,진우,tɕ i n u,NNP,833,0.005
2116,동,t o ŋ,NNG,832,0.005
2117,고양이,k o ja ŋ i,NNG,832,0.005
2118,호랑이,h o l ɑ ŋ i,NNG,832,0.005
2119,기념,k i n jʌ m,NNG,832,0.005
2120,비유,p i ju,NNG,831,0.005
2121,형상,h jʌ ŋ sʰ ɑ ŋ,NNG,830,0.005
2122,토끼,tʰ o k* i,NNG,830,0.005
2123,처분,tɕʰ ʌ p u n,NNG,830,0.005
2124,손톱,sʰ o n tʰ o p,NNG,829,0.005
2125,부처,p u tɕʰ ʌ,NNG,828,0.005
2126,출판,tɕʰ u l pʰ ɑ n,NNG,828,0.005
2127,워낙,wʌ n ɑ k,MAG,827,0.005
2128,명분,m jʌ ŋ p u n,NNG,825,0.005
2129,나란히,n ɑ l ɑ n h i,MAG,825,0.005
2130,필연,pʰ i l jʌ n,NNG,824,0.005
2131,유리,ju l i,NNG,824,0.005
2132,콩,kʰ o ŋ,NNG,824,0.005
2133,보급,p o k ɯ p,NNG,824,0.005
2134,먼지,m ʌ n tɕ i,NNG,823,0.005
2135,독자,t o k tɕ* ɑ,NNG,822,0.005
2136,높이,n o pʰ i,MAG,822,0.005
2137,덕분,t ʌ k p* u n,NNG,822,0.005
2138,서울시,sʰ ʌ u l sʰ i,NNP,822,0.005
2139,영구,jʌ ŋ k u,NNP,821,0.005
2140,아이디어,ɑ i t i ʌ,NNG,821,0.005
2141,이사,i sʰ ɑ,NNG,820,0.005
2142,피고인,pʰ i k o i n,NNG,820,0.005
2143,편안,pʰ jʌ n ɑ n,NNG,819,0.005
2144,공항,k o ŋ h ɑ ŋ,NNG,818,0.005
2145,동무,t o ŋ m u,NNG,818,0.005
2146,참,tɕʰ ɑ m,IC,818,0.005
2147,선고,sʰ ʌ n k o,NNG,818,0.005
2148,리,l i,NNB,818,0.005
2149,한강,h ɑ n k ɑ ŋ,NNP,817,0.005
2150,보관,p o k wa n,NNG,817,0.005
2151,약간,ja k k* ɑ n,NNG,816,0.005
2152,정작,tɕ ʌ ŋ tɕ ɑ k,NNG,816,0.005
2153,골,k o l,NNG,816,0.005
2154,임금,i m k ɯ m,NNG,815,0.005
2155,공,k o ŋ,NNG,815,0.005
2156,호흡,h o h ɯ p,NNG,815,0.005
2157,정의,tɕ ʌ ŋ ɰi,NNG,815,0.005
2158,동작,t o ŋ tɕ ɑ k,NNG,815,0.005
2159,부당,p u t ɑ ŋ,NNG,815,0.005
2160,보존,p o tɕ o n,NNG,814,0.005
2161,특별히,tʰ ɯ k p* jʌ l h i,MAG,814,0.005
2162,고구려,k o k u l jʌ,NNP,813,0.005
2163,바지,p ɑ tɕ i,NNG,813,0.005
2164,서서히,sʰ ʌ sʰ ʌ h i,MAG,813,0.005
2165,장애인,tɕ ɑ ŋ ɛ i n,NNG,813,0.005
2166,분열,p u n jʌ l,NNG,812,0.005
2167,화해,h wa h ɛ,NNG,812,0.005
2168,민주,m i n tɕ u,NNP,812,0.005
2169,업종,ʌ p tɕ* o ŋ,NNG,811,0.005
2170,전공,tɕ ʌ n k o ŋ,NNG,811,0.005
2171,확실히,h wa k s* i l h i,MAG,811,0.005
2172,제자,tɕ ɛ tɕ ɑ,NNG,811,0.005
2173,국장,k u k tɕ* ɑ ŋ,NNG,811,0.005
2174,하느님,h ɑ n ɯ n i m,NNG,810,0.005
2175,며느리,m jʌ n ɯ l i,NNG,810,0.005
2176,고발,k o p ɑ l,NNG,809,0.005
2177,두려움,t u l jʌ u m,NNG,809,0.005
2178,부실,p u sʰ i l,NNG,808,0.005
2179,안개,ɑ n k ɛ,NNG,808,0.005
2180,버릇,p ʌ l ɯ t,NNG,808,0.005
2181,장비,tɕ ɑ ŋ p i,NNG,808,0.005
2182,일부러,i l p u l ʌ,MAG,807,0.005
2183,미디어,m i t i ʌ,NNG,807,0.005
2184,상관,sʰ ɑ ŋ k wa n,NNG,807,0.005
2185,전시,tɕ ʌ n sʰ i,NNG,807,0.005
2186,경찰서,k jʌ ŋ tɕʰ ɑ l sʰ ʌ,NNG,807,0.005
2187,염려,jʌ m n jʌ,NNG,806,0.005
2188,추상,tɕʰ u sʰ ɑ ŋ,NNG,806,0.005
2189,유권자,ju k wʌ n tɕ ɑ,NNG,806,0.005
2190,기둥,k i t u ŋ,NNG,805,0.005
2191,닭,t ɑ k,NNG,805,0.005
2192,성숙,sʰ ʌ ŋ sʰ u k,NNG,805,0.005
2193,완,wa n,NNP,804,0.005
2194,신부,sʰ i n p u,NNG,804,0.005
2195,신발,sʰ i n p ɑ l,NNG,803,0.005
2196,복제,p o k tɕ* ɛ,NNG,803,0.005
2197,인용,i n jo ŋ,NNG,803,0.005
2198,논,n o n,NNG,803,0.005
2199,언덕,ʌ n t ʌ k,NNG,802,0.005
2200,오른쪽,o l ɯ n tɕ* o k,NNG,802,0.005
2201,단지,t ɑ n tɕ i,NNG,802,0.005
2202,대전,t ɛ tɕ ʌ n,NNG,801,0.005
2203,개국,k ɛ k u k,NNB,800,0.005
2204,역,jʌ k,NNG,800,0.005
2205,피해자,pʰ i h ɛ tɕ ɑ,NNG,800,0.005
2206,최선,tɕʰ wɛ sʰ ʌ n,NNG,800,0.005
2207,정지,tɕ ʌ ŋ tɕ i,NNG,800,0.005
2208,우연히,u jʌ n h i,MAG,800,0.005
2209,저작,tɕ ʌ tɕ ɑ k,NNG,799,0.005
2210,소송,sʰ o sʰ o ŋ,NNG,799,0.005
2211,해명,h ɛ m jʌ ŋ,NNG,799,0.005
2212,그대,k ɯ t ɛ,NP,798,0.005
2213,이스라엘,i sʰ ɯ l ɑ ɛ l,NNP,798,0.005
2214,도둑,t o t u k,NNG,798,0.005
2215,자신,tɕ ɑ sʰ i n,NNG,798,0.005
2216,대접,t ɛ tɕ ʌ p,NNG,798,0.005
2217,후기,h u k i,NNG,798,0.005
2218,영원히,jʌ ŋ wʌ n h i,MAG,797,0.005
2219,화가,h wa k ɑ,NNG,797,0.005
2220,글로벌,k ɯ l l o p ʌ l,NNG,797,0.005
2221,신랑,sʰ i l l ɑ ŋ,NNG,796,0.005
2222,빚,p i t,NNG,796,0.005
2223,장난,tɕ ɑ ŋ n ɑ n,NNG,796,0.005
2224,발작,p ɑ l tɕ ɑ k,NNG,795,0.005
2225,달성,t ɑ l sʰ ʌ ŋ,NNG,795,0.005
2226,양심,ja ŋ sʰ i m,NNG,795,0.005
2227,신호,sʰ i n h o,NNG,794,0.005
2228,서쪽,sʰ ʌ tɕ* o k,NNG,794,0.005
2229,초월,tɕʰ o wʌ l,NNG,793,0.005
2230,희수,h ɰi sʰ u,NNP,793,0.005
2231,보완,p o wa n,NNG,793,0.005
2232,원장,wʌ n tɕ ɑ ŋ,NNG,793,0.005
2233,대전,t ɛ tɕ ʌ n,NNP,792,0.005
2234,존중,tɕ o n tɕ u ŋ,NNG,792,0.005
2235,부시,p u sʰ i,NNP,791,0.005
2236,대꾸,t ɛ k* u,NNG,790,0.005
2237,직전,tɕ i k tɕ* ʌ n,NNG,789,0.005
2238,실망,sʰ i l m ɑ ŋ,NNG,789,0.005
2239,대폭,t ɛ pʰ o k,MAG,789,0.005
2240,도서관,t o sʰ ʌ k wa n,NNG,788,0.005
2241,정성,tɕ ʌ ŋ sʰ ʌ ŋ,NNG,788,0.005
2242,파리,pʰ ɑ l i,NNP,788,0.005
2243,잔치,tɕ ɑ n tɕʰ i,NNG,788,0.005
2244,이내,i n ɛ,MAG,787,0.005
2245,지난달,tɕ i n ɑ n t ɑ l,NNG,787,0.005
2246,기법,k i p ʌ p,NNG,787,0.005
2247,박물관,p ɑ ŋ m u l k wa n,NNG,787,0.005
2248,곤란,k o l l ɑ n,NNG,786,0.005
2249,시청자,sʰ i tɕʰ ʌ ŋ tɕ ɑ,NNG,785,0.005
2250,후배,h u p ɛ,NNG,784,0.005
2251,오해,o h ɛ,NNG,784,0.005
2252,실력,sʰ i l l jʌ k,NNG,784,0.005
2253,소주,sʰ o tɕ u,NNG,784,0.005
2254,중시,tɕ u ŋ sʰ i,NNG,784,0.005
2255,본능,p o n n ɯ ŋ,NNG,783,0.005
2256,표면,pʰ jo m jʌ n,NNG,783,0.005
2257,진전,tɕ i n tɕ ʌ n,NNG,783,0.005
2258,파도,pʰ ɑ t o,NNG,781,0.005
2259,영양,jʌ ŋ ja ŋ,NNG,780,0.005
2260,실무,sʰ i l m u,NNG,779,0.005
2261,구상,k u sʰ ɑ ŋ,NNG,779,0.005
2262,지수,tɕ i sʰ u,NNG,779,0.005
2263,성명,sʰ ʌ ŋ m jʌ ŋ,NNG,778,0.005
2264,고문,k o m u n,NNG,778,0.005
2265,사냥,sʰ ɑ n ja ŋ,NNG,778,0.005
2266,당사자,t ɑ ŋ sʰ ɑ tɕ ɑ,NNG,778,0.005
2267,충동,tɕʰ u ŋ t o ŋ,NNG,777,0.005
2268,예술가,jɛ sʰ u l k ɑ,NNG,777,0.005
2269,변경,p jʌ n k jʌ ŋ,NNG,777,0.005
2270,고모,k o m o,NNG,776,0.005
2271,이자,i tɕ ɑ,NNG,776,0.005
2272,삼성,sʰ ɑ m sʰ ʌ ŋ,NNP,775,0.005
2273,각기,k ɑ k k* i,MAG,775,0.005
2274,홍콩,h o ŋ kʰ o ŋ,NNP,775,0.005
2275,머리카락,m ʌ l i kʰ ɑ l ɑ k,NNG,775,0.005
2276,노출,n o tɕʰ u l,NNG,774,0.005
2277,주,tɕ u,NNB,773,0.005
2278,의례,ɰi l jɛ,NNG,773,0.005
2279,감옥,k ɑ m o k,NNG,773,0.005
2280,햇살,h ɛ t s* ɑ l,NNG,773,0.005
2281,별도,p jʌ l t o,NNG,772,0.005
2282,선진,sʰ ʌ n tɕ i n,NNG,771,0.005
2283,침해,tɕʰ i m h ɛ,NNG,771,0.005
2284,공해,k o ŋ h ɛ,NNG,770,0.005
2285,증대,tɕ ɯ ŋ t ɛ,NNG,769,0.005
2286,아줌마,ɑ tɕ u m m ɑ,NNG,769,0.005
2287,청산,tɕʰ ʌ ŋ sʰ ɑ n,NNG,769,0.005
2288,종업원,tɕ o ŋ ʌ p wʌ n,NNG,768,0.005
2289,운전,u n tɕ ʌ n,NNG,768,0.005
2290,머릿속,m ʌ l i t s* o k,NNG,767,0.005
2291,착각,tɕʰ ɑ k k* ɑ k,NNG,767,0.005
2292,무장,m u tɕ ɑ ŋ,NNG,766,0.005
2293,실적,sʰ i l tɕ ʌ k,NNG,766,0.005
2294,인근,i n k ɯ n,NNG,766,0.005
2295,대륙,t ɛ l ju k,NNG,766,0.005
2296,워싱턴,wʌ sʰ i ŋ tʰ ʌ n,NNP,766,0.005
2297,분양,p u n ja ŋ,NNG,766,0.005
2298,암,ɑ m,NNG,766,0.005
2299,도무지,t o m u tɕ i,MAG,765,0.005
2300,굿,k u t,NNG,765,0.005
2301,일자,i l tɕ ɑ,NNG,765,0.005
2302,마음속,m ɑ ɯ m sʰ o k,NNG,764,0.005
2303,흡수,h ɯ p s* u,NNG,763,0.005
2304,현행,h jʌ n h ɛ ŋ,NNG,763,0.005
2305,애정,ɛ tɕ ʌ ŋ,NNG,762,0.005
2306,진화,tɕ i n h wa,NNG,762,0.005
2307,종일,tɕ o ŋ i l,NNG,762,0.005
2308,거론,k ʌ l o n,NNG,762,0.005
2309,사무,sʰ ɑ m u,NNG,762,0.005
2310,인터뷰,i n tʰ ʌ p ju,NNG,761,0.005
2311,신탁,sʰ i n tʰ ɑ k,NNG,761,0.005
2312,우승,u sʰ ɯ ŋ,NNG,761,0.005
2313,앞서,ɑ p s* ʌ,MAG,761,0.005
2314,홍,h o ŋ,NNP,761,0.005
2315,우연,u jʌ n,NNG,759,0.005
2316,곧바로,k o t p* ɑ l o,MAG,759,0.005
2317,당당,t ɑ ŋ t ɑ ŋ,MAG,759,0.005
2318,매년,m ɛ n jʌ n,MAG,759,0.005
2319,시비,sʰ i p i,NNG,758,0.005
2320,자산,tɕ ɑ sʰ ɑ n,NNG,757,0.005
2321,약사,ja k s* ɑ,NNG,757,0.005
2322,조처,tɕ o tɕʰ ʌ,NNG,756,0.005
2323,혜택,h jɛ tʰ ɛ k,NNG,756,0.005
2324,역,jʌ k,NNG,756,0.005
2325,근육,k ɯ n ju k,NNG,756,0.005
2326,동경,t o ŋ k jʌ ŋ,NNP,756,0.005
2327,경기,k jʌ ŋ k i,NNP,756,0.005
2328,부각,p u k ɑ k,NNG,756,0.005
2329,과학자,k wa h ɑ k tɕ* ɑ,NNG,756,0.005
2330,부위,p u wi,NNG,755,0.005
2331,발길,p ɑ l k i l,NNG,755,0.005
2332,호기심,h o k i sʰ i m,NNG,755,0.005
2333,영웅,jʌ ŋ u ŋ,NNG,755,0.005
2334,동쪽,t o ŋ tɕ* o k,NNG,755,0.005
2335,극히,k ɯ kʰ i,MAG,755,0.005
2336,규명,k ju m jʌ ŋ,NNG,754,0.005
2337,등등,t ɯ ŋ t ɯ ŋ,NNB,754,0.005
2338,기역,k i jʌ k,NNG,753,0.005
2339,개설,k ɛ sʰ ʌ l,NNG,753,0.005
2340,벌,p ʌ l,NNG,753,0.005
2341,이중,i tɕ u ŋ,NNG,753,0.005
2342,궁극,k u ŋ k ɯ k,NNG,752,0.005
2343,품질,pʰ u m tɕ i l,NNG,752,0.005
2344,줄기,tɕ u l k i,NNG,752,0.005
2345,채권,tɕʰ ɛ k wʌ n,NNG,752,0.005
2346,중,tɕ u ŋ,NNG,751,0.005
2347,연주,jʌ n tɕ u,NNG,750,0.005
2348,전설,tɕ ʌ n sʰ ʌ l,NNG,750,0.005
2349,인격,i n k jʌ k,NNG,750,0.005
2350,대비,t ɛ p i,NNG,749,0.005
2351,그늘,k ɯ n ɯ l,NNG,749,0.005
2352,실체,sʰ i l tɕʰ ɛ,NNG,749,0.005
2353,전형,tɕ ʌ n h jʌ ŋ,NNG,748,0.005
2354,관리,k wa l l i,NNG,748,0.005
2355,여야,jʌ ja,NNG,746,0.005
2356,보상,p o sʰ ɑ ŋ,NNG,746,0.005
